code,1995,1996,1997,1998,1999,2000,2001,2002,2003,2004,2005,2006,2007,2008,2009,2010,2011,2012,2013,2014,2015,2016
DNK,0.00082749,0.00082848,0.00082723,0.00082882,0.00081865,0.00081954,0.00081326,0.00089537,0.00090361,0.00091419,0.00092876,0.00094343,0.00094676,0.0010249,0.0010286,0.0010494,0.0010453,0.0010449,0.0010415,0.0010386,0.0010233,0.00096857
CAN,0.1458,0.14023,0.152,0.16007,0.1367,0.1278,0.12266,0.12546,0.13325,0.11246,0.12163,0.12777,0.12709,0.1129,0.11216,0.12809,0.12032,0.1173,0.13211,0.13793,0.13533,0.13818
NOR,0.000017917,0.000017798,0.000017764,0.000017861,0.000017905,0.000018057,0.000017497,0.000017657,0.000018816,0.000019176,0.000020373,0.000021089,0.000021302,0.0000201,0.000020054,0.000020679,0.000020726,0.000020709,0.000020655,0.000020651,0.00002062,0.000020589
RUS,0.4828,0.48195,0.44212,0.4103,0.36387,0.42164,0.34392,0.36319,0.51713,0.29985,0.34902,0.35129,0.3294,0.43961,0.34556,0.34579,0.4077,0.39896,0.38476,0.41472,0.42156,0.44767
USA,1.13,1.2253,1.1704,0.93793,0.88683,1.0981,0.87346,0.75858,0.74798,0.74438,0.80155,0.80079,0.94033,0.66878,0.67215,0.75739,0.70003,0.70012,0.68482,0.86472,0.84365,0.85922
NOR,0.010597,0.011126,0.012029,0.0095365,0.01007,0.0097751,0.0096894,0.011555,0.011232,0.0098174,0.0095712,0.010608,0.0095974,0.0092809,0.0078221,0.007419,0.0077034,0.0076957,0.0084337,0.0089595,0.0094011,0.0094012
FIN,0.014828,0.014366,0.01684,0.012848,0.014907,0.013102,0.014293,0.017143,0.0176,0.015838,0.015108,0.016748,0.01371,0.012337,0.013066,0.01106,0.011704,0.011355,0.015837,0.01193,0.014246,0.014304
SWE,0.019168,0.019418,0.021533,0.01634,0.018318,0.017589,0.016302,0.019584,0.018891,0.015583,0.014793,0.017904,0.017063,0.01622,0.015172,0.014252,0.01647,0.015026,0.016864,0.016429,0.018868,0.019447
ISL,0.00028667,0.00029568,0.00027962,0.00029726,0.00029591,0.00029463,0.0003176,0.00033871,0.0003415,0.00040003,0.00032063,0.00035914,0.00036674,0.00039317,0.00036773,0.00042375,0.0003768,0.0003988,0.00036679,0.00036488,0.00035363,0.00034154
DNK,0.000024618,0.000024635,0.000024589,0.000024511,0.000024441,0.00002439,0.000023209,0.000023896,0.000024764,0.000025631,0.000026231,0.000027854,0.000028057,0.000029408,0.000027715,0.000028658,0.000028443,0.000028404,0.000028059,0.000027854,0.000027563,0.000027363
GBR,0.059854,0.070121,0.070692,0.05994,0.05594,0.058568,0.056947,0.051397,0.053482,0.049285,0.045446,0.070577,0.066682,0.043181,0.029369,0.034935,0.027137,0.036119,0.037617,0.039336,0.034366,0.03795
EST,0.0033195,0.0031523,0.0034906,0.0025058,0.0031493,0.0027852,0.0027563,0.003845,0.0031289,0.0027425,0.0025784,0.0035635,0.0030787,0.0034535,0.0026756,0.0020835,0.0031269,0.002515,0.0031964,0.0024708,0.0031529,0.0034183
LVA,0.0046436,0.0044409,0.0049079,0.0035605,0.0044113,0.0039353,0.0039025,0.0054214,0.0044958,0.003947,0.0037604,0.0050593,0.0043656,0.0047373,0.0038752,0.0033374,0.0044933,0.0037423,0.0046472,0.0037782,0.0045811,0.0049032
DNK,0.0094893,0.010837,0.011174,0.00879,0.0086322,0.010507,0.0090074,0.0082873,0.0077549,0.0077971,0.0072366,0.0087548,0.0088474,0.0067123,0.0066574,0.0052999,0.0057145,0.0060483,0.0055129,0.0060705,0.0055754,0.0065677
LTU,0.0084715,0.0085989,0.0084053,0.0064512,0.0063145,0.0081491,0.0067474,0.0080969,0.0066704,0.0076105,0.0066121,0.0091574,0.008057,0.0067609,0.0060954,0.0058861,0.0067048,0.0065396,0.0069095,0.0062685,0.0070621,0.0079924
BLR,0.022046,0.020456,0.019014,0.014505,0.014653,0.018938,0.014574,0.017452,0.014649,0.015866,0.01401,0.018619,0.017798,0.015123,0.015109,0.013671,0.017269,0.01482,0.018153,0.014979,0.01718,0.020267
IRL,0.0068035,0.0078489,0.0073582,0.0066695,0.0065256,0.0066757,0.0063874,0.0055731,0.005504,0.0056138,0.005123,0.0075728,0.006482,0.0051214,0.0039478,0.0049362,0.0040467,0.004938,0.0052606,0.0053829,0.0050548,0.005183
KAZ,0.10321,0.11987,0.12173,0.095539,0.093964,0.10114,0.084267,0.075205,0.064971,0.072352,0.078267,0.076803,0.080992,0.094151,0.079981,0.091545,0.095542,0.10671,0.091514,0.09918,0.098263,0.10002
DEU,0.10635,0.13218,0.13257,0.1006,0.10024,0.1227,0.11016,0.085751,0.10053,0.09641,0.088878,0.10999,0.097488,0.06669,0.074937,0.061471,0.056463,0.063607,0.060305,0.059446,0.036478,0.056279
POL,0.061537,0.068562,0.064908,0.050408,0.049741,0.067557,0.055481,0.049336,0.047213,0.050631,0.047273,0.058595,0.050461,0.042596,0.037271,0.034802,0.037265,0.037615,0.037879,0.035673,0.035358,0.043347
NLD,0.023904,0.030217,0.029859,0.023716,0.024034,0.027335,0.025521,0.021893,0.0222,0.021897,0.020915,0.028673,0.024375,0.013657,0.011588,0.012859,0.012632,0.012952,0.012463,0.012852,0.01076,0.013791
CHN,0.93167,1.0852,0.9693,0.96017,0.82694,1.0128,0.98255,0.73307,0.76238,0.95884,1.0286,0.96565,1.0765,0.85446,0.89795,1.0831,1.0865,0.96922,1.019,1.15,1.0973,1.0781
UKR,0.098312,0.094439,0.081782,0.052126,0.059549,0.080739,0.062869,0.061521,0.062761,0.058896,0.060774,0.065716,0.06293,0.065668,0.055034,0.054974,0.067818,0.068265,0.077373,0.057414,0.065821,0.077986
MNG,0.030096,0.033114,0.032209,0.032046,0.02394,0.028989,0.028249,0.036091,0.040365,0.028774,0.030921,0.033368,0.040116,0.041861,0.03758,0.03151,0.036325,0.03617,0.030553,0.033917,0.033781,0.034098
BEL,0.022002,0.030762,0.030019,0.024021,0.024821,0.0271,0.026916,0.018975,0.021605,0.021793,0.020288,0.027208,0.019486,0.010234,0.0093911,0.01241,0.009024,0.012427,0.012019,0.011244,0.0056727,0.0089082
FRA,0.15535,0.18541,0.18283,0.14348,0.13581,0.15166,0.14327,0.12407,0.13717,0.12024,0.12033,0.14251,0.13548,0.091777,0.086202,0.10204,0.098863,0.092922,0.091891,0.09321,0.063367,0.098004
CZE,0.019306,0.024067,0.023584,0.017843,0.018008,0.02369,0.021351,0.015645,0.01863,0.013885,0.013025,0.014707,0.013763,0.010237,0.010653,0.011033,0.0095463,0.010291,0.01035,0.0114,0.007064,0.0091671
LUX,0.0017452,0.0024403,0.0023812,0.0019054,0.0019691,0.0021499,0.0021353,0.0015052,0.0017137,0.001729,0.0016095,0.0021584,0.0015453,0.00081156,0.00074478,0.00098425,0.00071561,0.0009856,0.00095323,0.0008914,0.00044968,0.0007064
SVK,0.010776,0.012364,0.011407,0.0084208,0.0088386,0.011631,0.010295,0.0083489,0.0080777,0.0093327,0.0086435,0.0099472,0.008323,0.0069214,0.0058546,0.0059252,0.0058703,0.0060584,0.0062789,0.0057626,0.005168,0.0065729
AUT,0.019446,0.021043,0.020362,0.016957,0.017472,0.021496,0.01947,0.015757,0.017309,0.014335,0.013928,0.012234,0.012088,0.011009,0.011479,0.010576,0.011496,0.010563,0.010548,0.0085335,0.0052798,0.010741
HUN,0.020417,0.021583,0.017828,0.012363,0.013615,0.019751,0.016267,0.012585,0.013522,0.013923,0.012175,0.011482,0.010823,0.010817,0.010196,0.012979,0.010572,0.0083593,0.011132,0.0081427,0.0073151,0.011032
MDA,0.0056344,0.00587,0.0049719,0.0038497,0.0041352,0.0054956,0.0042085,0.0038474,0.0042437,0.004518,0.0042566,0.00416,0.0035869,0.0045862,0.0046696,0.0039649,0.0046541,0.0049608,0.0056955,0.0035052,0.0040933,0.0045567
ROU,0.041719,0.045779,0.037707,0.026506,0.028584,0.039382,0.031366,0.024962,0.030056,0.03148,0.025086,0.025598,0.023766,0.028465,0.027649,0.022623,0.028543,0.023278,0.032765,0.019931,0.022249,0.027402
CHE,0.0096307,0.0099709,0.009921,0.0077517,0.0078705,0.0091813,0.0083432,0.0073363,0.007081,0.0068222,0.0066099,0.0059818,0.0061,0.0054063,0.0056657,0.0055581,0.0060965,0.0050178,0.0047623,0.0027187,0.0015091,0.0080462
LIE,0.000029444,0.000029911,0.000030457,0.000024051,0.000024734,0.0000288,0.000026845,0.000023134,0.000022541,0.000021921,0.000021233,0.000019352,0.000019011,0.000016562,0.000018313,0.000017761,0.000018647,0.0000164,0.000015484,0.0000080521,0.0000042263,0.000026809
FRA,0.0000072741,0.0000075548,0.0000071965,0.0000078349,0.0000079359,0.000007571,0.0000070748,0.000007584,0.0000082152,0.0000077367,0.0000070256,0.0000068699,0.0000068329,0.0000078022,0.0000078979,0.0000078947,0.0000073879,0.0000079892,0.0000078527,0.0000079126,0.0000075977,0.0000070584
ITA,0.082397,0.079792,0.078079,0.070973,0.07361,0.079685,0.078899,0.071317,0.075731,0.071161,0.070606,0.061164,0.058187,0.058959,0.061811,0.057593,0.059966,0.056336,0.059365,0.04348,0.036612,0.062419
SVN,0.0044778,0.004466,0.00417,0.0038115,0.0039951,0.0047796,0.0042951,0.00366,0.0039354,0.0034026,0.0033712,0.0024626,0.0025177,0.0026899,0.0027133,0.0022442,0.0028655,0.0024527,0.0024948,0.0018127,0.0012072,0.0020968
HRV,0.013489,0.013286,0.012153,0.010714,0.011417,0.013759,0.012408,0.01045,0.011432,0.010201,0.0099273,0.0078689,0.0078747,0.0085332,0.008482,0.0078587,0.0086929,0.0075101,0.0083491,0.0061895,0.0047029,0.0071443
SRB,0.017476,0.017918,0.015206,0.011026,0.012905,0.016579,0.013641,0.011096,0.013535,0.01198,0.011502,0.0099537,0.0097919,0.012085,0.011902,0.01279,0.011996,0.010021,0.013276,0.0097118,0.0089837,0.011645
UZB,0.016395,0.016288,0.016366,0.015901,0.014289,0.016421,0.016737,0.013375,0.010782,0.010632,0.01142,0.012359,0.012755,0.016229,0.012294,0.013379,0.018312,0.017039,0.01351,0.014271,0.014363,0.014126
JPN,0.10294,0.11375,0.10974,0.099371,0.097166,0.10697,0.10016,0.087622,0.087209,0.087899,0.098785,0.090565,0.086821,0.085148,0.085442,0.088882,0.095155,0.087788,0.092003,0.092152,0.089631,0.092148
BIH,0.0098533,0.0098925,0.0087279,0.00705,0.0078072,0.0097228,0.0084005,0.0069672,0.0079737,0.0071035,0.0068579,0.0056598,0.0056191,0.006442,0.0063915,0.0064283,0.006496,0.0055047,0.0066887,0.0049225,0.0041501,0.005819
BGR,0.02609,0.028259,0.022996,0.01793,0.021924,0.024,0.024258,0.018494,0.022736,0.020807,0.020125,0.017163,0.016812,0.024777,0.018598,0.016084,0.020505,0.019584,0.023433,0.017059,0.017599,0.018438
ESP,0.10521,0.12894,0.098826,0.071872,0.078448,0.087492,0.089588,0.072529,0.064167,0.062148,0.072766,0.071407,0.064351,0.060117,0.060301,0.062164,0.069502,0.060496,0.066427,0.066886,0.053827,0.070625
GEO,0.0071965,0.0067627,0.0062708,0.0059814,0.0062446,0.006448,0.0061473,0.0059727,0.0052741,0.0054051,0.0059768,0.0052114,0.0057274,0.0058758,0.0055881,0.0061722,0.0063442,0.0065534,0.005894,0.0061815,0.006623,0.0065338
KGZ,0.0079652,0.0074188,0.0075589,0.0067736,0.0060578,0.0066458,0.0062287,0.0060508,0.005546,0.0057152,0.0059054,0.0065503,0.0063375,0.0084935,0.0063455,0.0062074,0.0073198,0.0074704,0.0063005,0.0072955,0.0073406,0.0073178
PRK,0.027589,0.033935,0.028014,0.024071,0.024049,0.026336,0.028652,0.017316,0.016314,0.017233,0.018714,0.01953,0.017301,0.017854,0.017572,0.018993,0.022774,0.018828,0.018385,0.023608,0.021971,0.024212
AND,0.000084532,0.000092238,0.000086506,0.000061848,0.000064336,0.000068603,0.00006655,0.000063526,0.000050551,0.000048085,0.00006004,0.000059682,0.000055673,0.000049706,0.000049613,0.000053467,0.000065758,0.000052095,0.000052235,0.00004503,0.000031294,0.000051092
ALB,0.0039916,0.0039215,0.0036749,0.0031231,0.0037484,0.0039106,0.003369,0.0030543,0.0040207,0.0030695,0.0033548,0.0027137,0.002725,0.0037887,0.0038406,0.0032173,0.0037748,0.0034757,0.0041829,0.0031881,0.0029062,0.0033279
TKM,0.020565,0.021588,0.02311,0.021959,0.01979,0.022227,0.022644,0.019146,0.015018,0.015279,0.016732,0.019703,0.018132,0.020528,0.01735,0.019233,0.023058,0.021528,0.019458,0.022617,0.022972,0.022426
MKD,0.0035524,0.0035568,0.0032578,0.002694,0.0032484,0.0034419,0.0030363,0.0026481,0.0034661,0.0027142,0.0029231,0.002352,0.0023502,0.0033542,0.0032473,0.0027084,0.0032578,0.0029793,0.0036231,0.0027131,0.0025094,0.0028579
TUR,0.12037,0.11361,0.10071,0.09399,0.10017,0.109,0.10687,0.095415,0.096184,0.091232,0.10327,0.089254,0.094406,0.11462,0.10338,0.10931,0.11049,0.11186,0.1116,0.10884,0.11237,0.10943
PRT,0.015422,0.019399,0.017699,0.016141,0.014775,0.017074,0.015962,0.014087,0.016057,0.015758,0.015688,0.017647,0.016567,0.016237,0.014264,0.015584,0.016036,0.014049,0.01517,0.015657,0.014938,0.015511
AZE,0.0079945,0.0075736,0.0072428,0.0075625,0.0076222,0.0075795,0.0078734,0.0066786,0.0058094,0.0061718,0.0068474,0.0064016,0.0068155,0.0076786,0.0071144,0.0077125,0.0081833,0.0084129,0.0076486,0.0090832,0.0097706,0.0094213
GRC,0.028422,0.028825,0.024137,0.023456,0.028342,0.027053,0.026378,0.024956,0.029923,0.025287,0.025418,0.023773,0.023471,0.029004,0.026739,0.024864,0.026606,0.027633,0.029036,0.024649,0.024454,0.024663
ARM,0.0024025,0.0022866,0.0021577,0.0019706,0.0021203,0.002192,0.0022504,0.0018685,0.0016114,0.0017118,0.0019174,0.0016075,0.001921,0.0020539,0.0019396,0.0021038,0.002253,0.002342,0.0021188,0.0023541,0.0026277,0.0025264
TJK,0.0057903,0.004989,0.0046695,0.0050105,0.0047487,0.0050955,0.0052065,0.0049451,0.0045691,0.0044437,0.0045027,0.00472,0.004802,0.0056055,0.0046352,0.0045513,0.0056091,0.0050457,0.0045849,0.0051516,0.0052366,0.0050872
IRN,0.091585,0.094537,0.085244,0.094818,0.096184,0.10508,0.10716,0.093944,0.083367,0.086771,0.10272,0.098319,0.099375,0.10581,0.098813,0.1074,0.11629,0.11121,0.10594,0.11333,0.1168,0.11224
KOR,0.040782,0.046405,0.041941,0.037376,0.036874,0.040956,0.043374,0.029594,0.02578,0.028167,0.029763,0.02887,0.026247,0.026836,0.026795,0.028732,0.030963,0.028906,0.028478,0.031214,0.030186,0.031667
AFG,0.048594,0.043911,0.042486,0.041957,0.043871,0.048311,0.049789,0.042782,0.039278,0.035874,0.03781,0.038649,0.041428,0.046014,0.035992,0.04194,0.047921,0.039581,0.041907,0.047124,0.047548,0.044135
TUN,0.018136,0.015838,0.016814,0.012229,0.012688,0.015528,0.016858,0.017816,0.016309,0.012794,0.01272,0.012803,0.011805,0.015836,0.014734,0.015027,0.014522,0.014974,0.018306,0.016238,0.015645,0.015779
IRQ,0.033891,0.033217,0.030547,0.031783,0.034725,0.039941,0.038307,0.033042,0.031735,0.032985,0.035229,0.032971,0.036087,0.040322,0.03705,0.043432,0.039623,0.038569,0.036805,0.037846,0.038909,0.037195
SYR,0.022838,0.021773,0.019527,0.017796,0.020869,0.023819,0.02249,0.019965,0.020208,0.018402,0.02049,0.018093,0.019432,0.024139,0.022787,0.024617,0.022477,0.023541,0.021698,0.022369,0.022596,0.022144
DZA,0.043309,0.039656,0.041035,0.041241,0.050465,0.049863,0.050213,0.046576,0.045591,0.038634,0.042803,0.045216,0.044494,0.047656,0.048091,0.042595,0.045144,0.046501,0.045327,0.045872,0.043875,0.044121
PAK,0.1203,0.097371,0.085764,0.087461,0.089713,0.10389,0.094808,0.083333,0.083143,0.086299,0.098484,0.091688,0.092443,0.10078,0.085987,0.11527,0.11086,0.089181,0.10351,0.10814,0.10563,0.097838
MLT,0.000091127,0.000082139,0.000093394,0.000097587,0.00010435,0.000098695,0.00011107,0.00011288,0.00010363,0.000092101,0.000098539,0.000076854,0.000077778,0.000080737,0.000086643,0.000098462,0.00009745,0.000086126,0.00010008,0.000092934,0.000090429,0.000091344
MAR,0.041934,0.035516,0.02495,0.020653,0.02607,0.030575,0.037039,0.02964,0.024693,0.024574,0.028343,0.028519,0.024689,0.032111,0.027422,0.032513,0.031475,0.034467,0.031026,0.035115,0.033377,0.033399
CYP,0.0059517,0.0061586,0.0058325,0.0059932,0.0068961,0.0081306,0.0062746,0.0058377,0.0068803,0.0065583,0.0065377,0.0069318,0.0075516,0.0088426,0.0085544,0.0098011,0.011318,0.00911,0.0088299,0.0097682,0.0096322,0.009549
IND,1.2014,0.97823,0.81049,0.88717,0.84057,0.97613,0.91118,0.80942,0.89684,0.83071,1.0091,0.85563,0.87443,0.89469,0.87872,1.073,1.1963,0.94864,0.99073,0.89983,0.91053,0.7825
LBN,0.0021903,0.0022031,0.0019683,0.0019198,0.0023331,0.0024164,0.0023597,0.0022921,0.0024258,0.0021051,0.0022587,0.0020189,0.0020701,0.0024702,0.0023601,0.0025086,0.0024244,0.0025935,0.0022479,0.0021377,0.0021023,0.0020722
JOR,0.0064167,0.0061723,0.00592,0.0059062,0.0064732,0.00742,0.0068958,0.0068442,0.0071543,0.0064083,0.0067743,0.0064434,0.0067133,0.0077031,0.0070974,0.0080715,0.0070889,0.0080529,0.007497,0.00699,0.0069224,0.0068257
ISR,0.0027746,0.0027043,0.0025474,0.0025289,0.0028575,0.0031207,0.0029575,0.0029846,0.0031423,0.0027547,0.0029361,0.0027191,0.0028155,0.0032003,0.0029782,0.0033455,0.0030796,0.0034538,0.0031386,0.0028765,0.0028308,0.0027977
LBY,0.013052,0.011796,0.013944,0.01423,0.015842,0.014887,0.016709,0.017702,0.016306,0.014004,0.01492,0.014524,0.015087,0.017696,0.019313,0.020568,0.019229,0.018098,0.020806,0.019359,0.019164,0.018848
MEX,0.35517,0.33112,0.29403,0.33875,0.33394,0.34881,0.27734,0.29,0.32248,0.31215,0.29747,0.30404,0.32623,0.30928,0.28881,0.30995,0.32609,0.32132,0.37445,0.37286,0.3585,0.34585
SAU,0.068696,0.06539,0.051673,0.062854,0.05501,0.049277,0.066674,0.07085,0.052694,0.04408,0.042313,0.038756,0.045026,0.047646,0.054124,0.052142,0.047462,0.043523,0.04721,0.049295,0.049023,0.047635
EGY,0.037819,0.036752,0.035986,0.037292,0.035655,0.040911,0.034089,0.037267,0.040106,0.041043,0.043859,0.044189,0.045749,0.05866,0.049271,0.061654,0.061803,0.055578,0.060599,0.065832,0.062652,0.060283
NPL,0.051539,0.041999,0.036776,0.03689,0.041716,0.041074,0.038613,0.036632,0.03631,0.031816,0.043847,0.036471,0.036913,0.037071,0.036676,0.045006,0.061047,0.041497,0.03904,0.033351,0.033587,0.02857
KWT,0.0015542,0.0014897,0.0012343,0.0014851,0.0013886,0.0016024,0.0015766,0.0014901,0.001461,0.0014839,0.0016851,0.001514,0.0016065,0.0016728,0.0017366,0.0018235,0.0018006,0.0017734,0.0017144,0.0016556,0.0016446,0.0016025
MMR,0.1187,0.12038,0.11521,0.15333,0.13438,0.14739,0.12501,0.1016,0.12886,0.16087,0.13345,0.13521,0.13735,0.11232,0.14532,0.16788,0.13492,0.14206,0.14194,0.13803,0.13668,0.12567
BTN,0.01549,0.012866,0.010484,0.011669,0.013806,0.012441,0.013094,0.010357,0.011148,0.011851,0.013523,0.013309,0.012855,0.011874,0.014524,0.016079,0.018168,0.012908,0.012346,0.010854,0.011359,0.0090751
ESH,0.00056373,0.00050844,0.00044668,0.00043476,0.00048234,0.00056781,0.0006664,0.00058691,0.00048725,0.00048503,0.00069604,0.00077647,0.00069668,0.00080557,0.00068007,0.00068362,0.00071404,0.00081711,0.00085073,0.00082483,0.00080099,0.00075558
MRT,0.022566,0.016452,0.021986,0.025013,0.028264,0.019262,0.019153,0.02336,0.028633,0.019741,0.019609,0.0175,0.01796,0.019749,0.018534,0.02164,0.016882,0.020915,0.020733,0.0197,0.020287,0.019091
BHS,0.0044906,0.0044335,0.0045951,0.004803,0.0044977,0.0047893,0.0043901,0.004519,0.0047348,0.0045371,0.0041521,0.0044723,0.0043771,0.004481,0.0045775,0.0043336,0.0043065,0.0043949,0.0043932,0.0045391,0.0044891,0.0044525
BGD,0.070057,0.062724,0.053202,0.056664,0.06569,0.062283,0.060414,0.052722,0.055525,0.058329,0.065589,0.065242,0.062124,0.059697,0.07066,0.077518,0.084489,0.063534,0.063909,0.059437,0.060677,0.050684
OMN,0.0028241,0.0030665,0.002736,0.002784,0.0025417,0.0025834,0.0029359,0.0033111,0.0033473,0.0035332,0.0038311,0.0036651,0.0037154,0.003431,0.0034664,0.0039833,0.0041351,0.0040955,0.0042653,0.0039944,0.0039772,0.0036314
BHR,0.000027412,0.000032993,0.000027619,0.000030533,0.000031932,0.000027779,0.000030197,0.000030112,0.0000315,0.000031674,0.000034597,0.000032195,0.000032401,0.000033525,0.000037592,0.000039224,0.000037827,0.000037727,0.000037624,0.000037863,0.000037746,0.000036526
QAT,0.00032502,0.0003912,0.00032749,0.00036203,0.00037862,0.00032937,0.00035805,0.00035705,0.0003735,0.00037557,0.00041022,0.00038174,0.00038419,0.00039751,0.00044574,0.00046508,0.00044852,0.00044733,0.00044612,0.00044894,0.00044756,0.00043309
ARE,0.0019251,0.0027266,0.0018249,0.0020515,0.0017964,0.0018022,0.0022286,0.002409,0.0023328,0.0023327,0.0030493,0.0026219,0.0026679,0.0023447,0.002549,0.0037735,0.0041185,0.0033391,0.003405,0.0031084,0.0031023,0.0030066
CHN,0.011485,0.011564,0.011119,0.011042,0.010949,0.011164,0.011543,0.013306,0.013264,0.014263,0.014577,0.015085,0.015594,0.014813,0.015812,0.015208,0.016025,0.014834,0.015009,0.016555,0.016516,0.016232
MLI,0.11674,0.083123,0.090347,0.11465,0.13906,0.088283,0.10536,0.096956,0.13673,0.10669,0.098486,0.087119,0.081682,0.10212,0.095435,0.11638,0.091752,0.11463,0.10833,0.09815,0.10311,0.093184
NER,0.052412,0.059587,0.070472,0.067544,0.070765,0.041265,0.045119,0.047889,0.061026,0.053151,0.046963,0.038995,0.042073,0.05133,0.044971,0.057662,0.045774,0.059472,0.048357,0.051847,0.052688,0.049643
TCD,0.20569,0.13573,0.12183,0.17413,0.18735,0.1509,0.16078,0.16303,0.20345,0.18773,0.16977,0.13562,0.15314,0.15727,0.12574,0.18415,0.15484,0.16365,0.15968,0.14892,0.14893,0.12923
VNM,0.080595,0.073459,0.083034,0.098892,0.078148,0.10003,0.080144,0.079192,0.094596,0.097112,0.09262,0.0943,0.095972,0.081019,0.10086,0.11291,0.098599,0.11134,0.11333,0.10879,0.10755,0.10052
CUB,0.037047,0.03298,0.036982,0.037952,0.03387,0.034061,0.031498,0.03398,0.034733,0.034588,0.028919,0.032554,0.033253,0.032975,0.032235,0.027932,0.026292,0.030426,0.027895,0.033016,0.032354,0.032051
SDN,0.49732,0.37092,0.31667,0.39267,0.3841,0.35542,0.36307,0.39214,0.46489,0.34788,0.43082,0.32591,0.45661,0.48056,0.38733,0.51472,0.43207,0.41506,0.43606,0.39702,0.38296,0.34343
LAO,0.058255,0.052258,0.060246,0.075638,0.059526,0.075717,0.058271,0.052638,0.065188,0.075694,0.068555,0.063272,0.067719,0.051754,0.06608,0.082392,0.065771,0.070971,0.077086,0.072114,0.071074,0.063939
CHN,0.0008297,0.00087512,0.00077264,0.00083708,0.00085509,0.0008695,0.00086318,0.00084543,0.00082344,0.00097728,0.00096275,0.00099286,0.00099126,0.00097229,0.0010388,0.00094678,0.001027,0.00092753,0.0010429,0.0010599,0.0010692,0.0010023
GBR,0.0014682,0.001423,0.0013184,0.0013454,0.0014461,0.0014338,0.0014681,0.0016087,0.001558,0.001644,0.0016252,0.0015334,0.0013248,0.0012825,0.0017126,0.0012841,0.0012833,0.001675,0.0018609,0.001786,0.0017804,0.0017017
THA,0.16216,0.14703,0.16193,0.18521,0.1587,0.19586,0.15612,0.15131,0.17631,0.19225,0.17944,0.16854,0.1838,0.14687,0.17852,0.20986,0.18515,0.18206,0.19892,0.17984,0.17643,0.15865
HTI,0.0061912,0.0061536,0.0068531,0.0064979,0.0065716,0.0065301,0.0069909,0.0072806,0.0070039,0.0071411,0.0066608,0.0069546,0.006043,0.0062055,0.007039,0.0058264,0.0056799,0.0070125,0.0069982,0.0074895,0.007403,0.0072488
DOM,0.0099803,0.0092895,0.0096485,0.0087727,0.009752,0.0093557,0.010293,0.010219,0.0098547,0.01068,0.010136,0.0095185,0.0086951,0.0086213,0.0098671,0.0089386,0.0084006,0.010224,0.011317,0.011786,0.011568,0.011386
PHL,0.037451,0.040259,0.044468,0.04165,0.034641,0.038144,0.040992,0.044493,0.042915,0.043131,0.041199,0.040676,0.040089,0.036331,0.038581,0.041059,0.035725,0.03966,0.040351,0.044433,0.043946,0.04306
YEM,0.01276,0.013278,0.012812,0.01341,0.010422,0.01019,0.010357,0.011899,0.012249,0.012967,0.010855,0.011069,0.010432,0.010231,0.010346,0.011807,0.014299,0.013853,0.012049,0.012346,0.012301,0.011803
JAM,0.0025503,0.0024075,0.0029324,0.0028104,0.002601,0.0028593,0.0027043,0.0031204,0.0028424,0.0031933,0.0027065,0.0031149,0.0026602,0.0026901,0.0029391,0.002313,0.002347,0.0028233,0.0026877,0.0028805,0.0028646,0.0027292
BLZ,0.0066374,0.0059442,0.0063755,0.0078944,0.0058522,0.0099015,0.0057834,0.0062411,0.0082625,0.0068447,0.0065496,0.0055149,0.006869,0.0063173,0.0047081,0.0059644,0.0056986,0.0072582,0.0064839,0.006841,0.0062735,0.0060915
USA,0.00096198,0.0011259,0.0011879,0.00077385,0.00088853,0.0010447,0.00095392,0.00099087,0.00082207,0.00088706,0.00090481,0.00081154,0.00093733,0.00091483,0.00079887,0.00091631,0.00076528,0.0010449,0.00080567,0.0011006,0.0010886,0.001027
KHM,0.069094,0.059699,0.067868,0.071781,0.060644,0.08149,0.070903,0.069309,0.07847,0.088847,0.071515,0.071153,0.080531,0.069143,0.074077,0.088177,0.085075,0.086062,0.093221,0.081062,0.077856,0.071963
GBR,0.000023274,0.00002724,0.000028739,0.000018722,0.000021497,0.000025275,0.000023079,0.000023973,0.000019889,0.000021461,0.000021891,0.000019634,0.000022677,0.000022133,0.000019327,0.000022169,0.000018515,0.000025281,0.000019492,0.000026628,0.000026336,0.000024848
NLD,0.00059462,0.00052786,0.00060459,0.00055261,0.00055773,0.00057828,0.00051514,0.0005787,0.00055868,0.00061852,0.00068808,0.00056202,0.00035515,0.00048181,0.00066006,0.00040802,0.00073299,0.00066619,0.00058542,0.00055509,0.00055372,0.00052097
ERI,0.0091585,0.009188,0.010234,0.010506,0.0081636,0.0084877,0.0098022,0.0098113,0.012781,0.0079659,0.009171,0.0075104,0.0076281,0.0069294,0.0082719,0.01009,0.0099967,0.010909,0.011853,0.010226,0.010161,0.0097281
GTM,0.02552,0.021902,0.024669,0.029417,0.022852,0.032153,0.022221,0.024497,0.029896,0.026063,0.025819,0.021364,0.026372,0.025011,0.022615,0.025578,0.022928,0.026225,0.024167,0.025937,0.024582,0.023689
USA,0.000062063,0.000072641,0.000076637,0.000049926,0.000057325,0.000067401,0.000061543,0.000063927,0.000053037,0.00005723,0.000058375,0.000052358,0.000060473,0.000059022,0.00005154,0.000059117,0.000049373,0.000067415,0.000051979,0.000071009,0.00007023,0.00006626
ATG,0.000048263,0.000048166,0.000047943,0.000047546,0.000046634,0.000046043,0.000045529,0.000051159,0.00005106,0.000052246,0.000050755,0.000050545,0.000050861,0.000061557,0.000062824,0.000065055,0.000064675,0.000064404,0.000062349,0.000059484,0.000056659,0.000053746
KNA,0.000054305,0.000063561,0.000067057,0.000043685,0.000050159,0.000058976,0.00005385,0.000055936,0.000046407,0.000050076,0.000051078,0.000045813,0.000052914,0.000051644,0.000045097,0.000051727,0.000043201,0.000058988,0.000045481,0.000062133,0.000061451,0.000057978
CPV,0.000065771,0.000065721,0.000065619,0.000065426,0.000065224,0.000064991,0.000062351,0.000066097,0.000068213,0.000071884,0.000073508,0.000075101,0.000077721,0.000084539,0.000083264,0.00008622,0.000085411,0.000084446,0.000083419,0.000082392,0.00008139,0.000080344
GBR,0.0000074251,0.0000074102,0.0000073759,0.0000073148,0.0000071745,0.0000070836,0.0000070044,0.0000078707,0.0000078553,0.0000080379,0.0000078085,0.0000077761,0.0000078247,0.0000094703,0.0000096652,0.000010008,0.00000995,0.0000099083,0.0000095922,0.0000091513,0.0000087168,0.0000082686
SEN,0.040237,0.02848,0.032283,0.035342,0.043203,0.034266,0.032418,0.035427,0.053015,0.035247,0.037811,0.029613,0.028626,0.034943,0.033775,0.043876,0.031193,0.035976,0.035113,0.031625,0.033188,0.030844
FRA,0.00012977,0.00012944,0.00012938,0.00012818,0.00012615,0.00012464,0.00012371,0.00013818,0.00013781,0.00014154,0.00013785,0.00013759,0.00013864,0.00016616,0.00016965,0.00017579,0.00017471,0.00017396,0.0001691,0.00016202,0.00015506,0.00014723
HND,0.018334,0.01657,0.019281,0.022037,0.01695,0.019151,0.016972,0.019674,0.022522,0.020133,0.021334,0.01743,0.020293,0.020127,0.020724,0.021419,0.01853,0.019589,0.018508,0.019397,0.018878,0.018334
DMA,0.000082231,0.000081573,0.000085276,0.000083605,0.000085186,0.000084732,0.000087303,0.000091868,0.00009096,0.00009697,0.000096861,0.000098799,0.00010081,0.00010976,0.00011255,0.00011742,0.00011629,0.00011574,0.0001172,0.00011699,0.00011695,0.00011202
BFA,0.070942,0.050632,0.048464,0.066509,0.079157,0.057111,0.065787,0.055616,0.075104,0.062624,0.06552,0.050161,0.052021,0.060732,0.059124,0.068793,0.060471,0.065681,0.065643,0.058271,0.060783,0.053198
NIC,0.015516,0.014663,0.017039,0.018644,0.014689,0.015759,0.015226,0.017767,0.019737,0.018187,0.018913,0.015542,0.017984,0.017453,0.018375,0.018983,0.016005,0.017317,0.01623,0.016469,0.016028,0.015719
FRA,0.00013705,0.00013595,0.00014213,0.00013934,0.00014198,0.00014122,0.0001455,0.00015311,0.0001516,0.00016162,0.00016144,0.00016467,0.00016801,0.00018294,0.00018759,0.0001957,0.00019381,0.0001929,0.00019533,0.00019499,0.00019492,0.00018671
ETH,0.18598,0.16439,0.14363,0.15673,0.13975,0.14968,0.14889,0.16065,0.17656,0.13973,0.15502,0.12722,0.15694,0.15825,0.15434,0.17863,0.16644,0.16052,0.18632,0.15378,0.15057,0.14259
SLV,0.0042584,0.0035278,0.0041372,0.0047839,0.0038598,0.0045774,0.003706,0.0041543,0.0047394,0.0043152,0.0043931,0.0035861,0.0043953,0.0042694,0.0043746,0.0046202,0.0039612,0.0041521,0.0039309,0.0042793,0.0041634,0.0039887
LCA,0.000071267,0.000070696,0.000073906,0.000072458,0.000073828,0.000073435,0.000075662,0.000079619,0.000078832,0.000084041,0.000083946,0.000085626,0.000087367,0.00009513,0.000097544,0.00010177,0.00010078,0.00010031,0.00010157,0.00010139,0.00010136,0.000097088
GMB,0.002385,0.0017531,0.0019442,0.0021257,0.0025756,0.002101,0.0019556,0.0021318,0.0032713,0.0021179,0.0023122,0.0017863,0.001733,0.0020969,0.0020545,0.0026864,0.0018825,0.0021638,0.0021031,0.001901,0.0019958,0.0018597
NGA,0.2952,0.22217,0.19195,0.24407,0.27201,0.23117,0.23114,0.21711,0.24852,0.24494,0.25364,0.19297,0.22322,0.23922,0.2265,0.2686,0.22626,0.23838,0.2293,0.21616,0.21576,0.1937
VCT,0.00005482,0.000054382,0.000056851,0.000055737,0.000056791,0.000056488,0.000058202,0.000061245,0.00006064,0.000064647,0.000064574,0.000065866,0.000067205,0.000073177,0.000075034,0.000078282,0.000077526,0.00007716,0.000078131,0.000077995,0.000077967,0.000074683
BRB,0.000060302,0.00005982,0.000062536,0.00006131,0.00006247,0.000062137,0.000064022,0.00006737,0.000066704,0.000071111,0.000071031,0.000072453,0.000073926,0.000080494,0.000082538,0.00008611,0.000085278,0.000084876,0.000085944,0.000085795,0.000085764,0.000082151
CMR,0.14139,0.10349,0.085077,0.1231,0.12503,0.1077,0.11043,0.10516,0.12675,0.10737,0.12592,0.093133,0.11692,0.11876,0.10757,0.12373,0.10774,0.11149,0.11135,0.10389,0.1006,0.091952
DJI,0.0017342,0.0016069,0.0016213,0.0018179,0.0016637,0.0015331,0.0015084,0.0017016,0.0022049,0.0018721,0.0016765,0.0015054,0.0014839,0.001626,0.0017058,0.0018832,0.0018878,0.0018963,0.0021424,0.0017508,0.0017316,0.0016693
GNB,0.007346,0.005818,0.0062082,0.0071117,0.0078134,0.0068642,0.0067637,0.0071838,0.00893,0.0070884,0.0073335,0.0061103,0.0061079,0.0071782,0.0077029,0.0081224,0.0067171,0.0074199,0.0072538,0.0069083,0.007089,0.0067564
GIN,0.061007,0.043616,0.045065,0.077121,0.064234,0.058171,0.06134,0.059612,0.057772,0.058563,0.062183,0.052232,0.052753,0.064207,0.068523,0.060397,0.054381,0.060784,0.061881,0.058074,0.05772,0.053931
COL,0.16746,0.12201,0.14695,0.12957,0.12419,0.13197,0.13182,0.17534,0.14069,0.15211,0.14024,0.14484,0.14667,0.14557,0.15457,0.11697,0.13698,0.15845,0.15345,0.13861,0.13568,0.12695
NLD,0.000099365,0.000087063,0.00010015,0.00009285,0.000093257,0.000096176,0.000085576,0.000096475,0.000093702,0.00010384,0.00011586,0.000094328,0.000057821,0.000079943,0.00011143,0.000067105,0.00012426,0.00011146,0.000098422,0.000091906,0.00009172,0.000086281
BEN,0.049516,0.031305,0.027203,0.037101,0.045238,0.038003,0.039276,0.034436,0.041161,0.040871,0.042452,0.031313,0.034903,0.039418,0.03846,0.043013,0.039882,0.039923,0.042242,0.036018,0.036886,0.031857
GRD,0.000049338,0.000048944,0.000051165,0.000050163,0.000051112,0.000050839,0.000052382,0.000055121,0.000054576,0.000058182,0.000058117,0.00005928,0.000060485,0.000065859,0.000067531,0.000070454,0.000069773,0.000069444,0.000070318,0.000070196,0.00007017,0.000067215
VEN,0.24514,0.17145,0.19352,0.1749,0.16103,0.1847,0.19865,0.19325,0.20474,0.19865,0.20428,0.2324,0.19547,0.21056,0.22226,0.16539,0.22043,0.22444,0.19032,0.18052,0.17789,0.16469
SOM,0.053724,0.035111,0.047404,0.039258,0.03558,0.0534,0.054385,0.055117,0.03702,0.033472,0.030462,0.034226,0.036428,0.035148,0.043747,0.044465,0.048588,0.0368,0.048552,0.039019,0.038486,0.037257
TTO,0.0012427,0.0010842,0.0012982,0.0011083,0.0012122,0.001217,0.0013893,0.0010198,0.0013771,0.00088514,0.0010122,0.0011439,0.0010517,0.0012933,0.001262,0.0011613,0.0010966,0.0011434,0.0010925,0.000965,0.00096341,0.00094119
CRI,0.0066255,0.0065259,0.0071733,0.0061073,0.0064557,0.0060267,0.0068927,0.0075013,0.0070832,0.0078644,0.0066425,0.0061903,0.0073466,0.0063644,0.0069505,0.0074299,0.006043,0.0066157,0.0062709,0.0064517,0.0063718,0.0061617
GHA,0.10503,0.071257,0.064001,0.083203,0.093664,0.084977,0.088194,0.078228,0.091738,0.088932,0.094844,0.070703,0.079632,0.089058,0.087376,0.094933,0.093423,0.087267,0.098026,0.0849,0.085546,0.075291
TGO,0.026006,0.016563,0.014818,0.019957,0.0231,0.020271,0.021196,0.018396,0.02212,0.021567,0.022817,0.016763,0.018805,0.021492,0.021001,0.022981,0.022408,0.021455,0.023805,0.02029,0.02064,0.017916
CAF,0.34621,0.23493,0.1902,0.26546,0.264,0.24475,0.22489,0.24282,0.29639,0.23915,0.28374,0.20006,0.2805,0.31175,0.2354,0.28464,0.25533,0.2498,0.26756,0.23464,0.21727,0.19329
CIV,0.10987,0.083838,0.075093,0.098373,0.11196,0.10274,0.10005,0.096008,0.10128,0.10092,0.11032,0.083352,0.090794,0.098653,0.093543,0.10982,0.098523,0.091867,0.10057,0.090125,0.090372,0.081097
SLE,0.017009,0.013037,0.013099,0.023198,0.018265,0.016974,0.017657,0.017233,0.016193,0.016658,0.018095,0.015288,0.015498,0.018571,0.020247,0.017267,0.015659,0.017443,0.017756,0.017095,0.016874,0.015827
LKA,0.020244,0.016653,0.015287,0.01847,0.018774,0.02048,0.018984,0.019477,0.020837,0.017719,0.018267,0.018514,0.019538,0.023294,0.019111,0.021443,0.022374,0.021149,0.022688,0.020895,0.020675,0.019728
PAN,0.0086862,0.0061604,0.0077957,0.0078601,0.0068572,0.0062872,0.0067502,0.0078935,0.0074332,0.0078949,0.0074248,0.0073849,0.0076042,0.0080308,0.0074264,0.0077586,0.0070077,0.0081146,0.0086546,0.0077887,0.0077431,0.0073436
GUY,0.030514,0.027185,0.023435,0.024304,0.027531,0.027069,0.029958,0.024847,0.032484,0.026281,0.027932,0.025833,0.025172,0.028627,0.032077,0.025106,0.029123,0.026031,0.025107,0.026255,0.025627,0.023943
LBR,0.014026,0.0142,0.013063,0.022897,0.016796,0.015488,0.014817,0.015425,0.0143,0.013519,0.016652,0.013819,0.014143,0.015499,0.017457,0.015025,0.013152,0.014873,0.014441,0.015079,0.014753,0.014254
MYS,0.065852,0.060927,0.06444,0.067179,0.049045,0.052908,0.062357,0.07084,0.05306,0.061025,0.063843,0.065212,0.048414,0.049019,0.062718,0.058775,0.054941,0.051261,0.059107,0.069738,0.067216,0.066264
SUR,0.017442,0.0152,0.012792,0.017011,0.016337,0.015007,0.015927,0.015271,0.018174,0.015881,0.018379,0.016521,0.017564,0.018234,0.018112,0.01892,0.018571,0.016709,0.018091,0.018695,0.018273,0.016809
IDN,2.7236,1.3013,0.52663,0.29779,0.28789,0.27782,0.34462,0.59442,0.33957,0.40307,0.40417,0.61814,0.30832,0.3053,0.50056,0.26233,0.38742,0.35795,0.33355,0.48961,0.47525,0.43334
FRA,0.0094624,0.0082459,0.0070231,0.009317,0.0088581,0.0079656,0.0083985,0.008253,0.0098539,0.0086787,0.010116,0.0089489,0.0096015,0.0099856,0.0098206,0.010489,0.010101,0.0092387,0.009957,0.010269,0.010029,0.0091846
COD,0.75832,0.50527,0.41008,0.50435,0.37477,0.43976,0.48754,0.56047,0.5432,0.4779,0.51759,0.40537,0.44209,0.61315,0.46289,0.55585,0.51345,0.43956,0.5072,0.48016,0.45197,0.40073
BRA,2.2653,1.3365,0.9792,1.2763,0.87714,0.85948,1.0588,1.5131,1.3963,1.2208,1.1902,1.1355,1.1129,1.8136,1.3678,1.7414,1.4732,1.4962,1.6027,1.6903,1.6196,1.41
BRN,0.00050271,0.00047559,0.00060968,0.00092466,0.00040763,0.00044777,0.00043077,0.00076689,0.00061233,0.00066639,0.00069781,0.000532,0.00049908,0.00045264,0.00062771,0.00079094,0.00050436,0.00053915,0.00057588,0.00063155,0.00062597,0.00060907
KEN,0.13717,0.094061,0.099008,0.10157,0.071282,0.096609,0.1112,0.11832,0.10026,0.075137,0.080786,0.082704,0.091693,0.091459,0.097771,0.10874,0.11438,0.1011,0.097523,0.092075,0.089983,0.086829
UGA,0.074664,0.049031,0.04022,0.050627,0.036124,0.044115,0.042361,0.05641,0.061791,0.045948,0.049068,0.037192,0.050543,0.05634,0.04433,0.060134,0.04948,0.049225,0.049698,0.044691,0.042509,0.040504
GNQ,0.0032944,0.0032061,0.0028391,0.0031503,0.0029863,0.0027959,0.0029366,0.0030439,0.0029617,0.0027434,0.0030713,0.0028031,0.0026788,0.0030749,0.0030128,0.0031294,0.0031724,0.0026888,0.0030713,0.0031667,0.0031109,0.0030247
COG,0.07111,0.05294,0.044448,0.051109,0.045945,0.049436,0.055725,0.058147,0.057758,0.051054,0.052304,0.049669,0.048858,0.056105,0.050116,0.056285,0.05398,0.048006,0.055491,0.052516,0.050223,0.04688
GAB,0.03619,0.030132,0.026804,0.030452,0.027479,0.027512,0.031834,0.031623,0.031368,0.028391,0.030035,0.028389,0.027461,0.030682,0.02812,0.030471,0.03104,0.026374,0.030185,0.029496,0.028699,0.027257
STP,0.00043576,0.00043316,0.00045827,0.00044487,0.0004343,0.0004328,0.0004281,0.00045696,0.00046721,0.00042907,0.00045748,0.0004584,0.00041932,0.00049194,0.00047636,0.00047425,0.00051163,0.00044945,0.00051664,0.00047192,0.00045244,0.00041334
ECU,0.021287,0.018702,0.021484,0.022937,0.016864,0.017812,0.015908,0.019844,0.019213,0.017629,0.017375,0.019862,0.017307,0.021077,0.022083,0.023414,0.021315,0.021413,0.021589,0.022267,0.022023,0.021052
SGP,0.00047377,0.00040495,0.00040036,0.00039681,0.00032858,0.00036004,0.00043147,0.00025859,0.00020732,0.00022361,0.00026463,0.00023916,0.00019674,0.00020417,0.00023499,0.00024507,0.00022988,0.00020439,0.00022826,0.0003158,0.00030532,0.00029897
TZA,0.24566,0.16684,0.14681,0.18477,0.12634,0.13691,0.18347,0.1931,0.18741,0.153,0.16978,0.13916,0.14653,0.183,0.1637,0.20048,0.16306,0.174,0.16793,0.17178,0.16669,0.15579
PER,0.086712,0.066149,0.070906,0.077884,0.062561,0.066305,0.060057,0.062255,0.069558,0.071806,0.06714,0.071606,0.065305,0.076024,0.068744,0.079124,0.069007,0.071207,0.071616,0.070677,0.069849,0.066313
RWA,0.0053215,0.0038159,0.003682,0.004189,0.0028948,0.0034408,0.0040333,0.0050962,0.0045618,0.0039001,0.0041153,0.0033992,0.0039536,0.0047646,0.0043077,0.0052938,0.0045329,0.0046316,0.004489,0.0045747,0.0044445,0.0042041
PNG,0.047151,0.042656,0.041168,0.020422,0.021545,0.020097,0.021664,0.032577,0.025474,0.031357,0.022829,0.028537,0.020104,0.021634,0.024172,0.020808,0.021263,0.021416,0.022548,0.026003,0.02586,0.024219
BDI,0.0058871,0.0040471,0.003855,0.0044747,0.0030856,0.0036647,0.0043453,0.0053871,0.0048639,0.0041806,0.0044063,0.003621,0.0040996,0.0050891,0.0045244,0.0055478,0.0048092,0.0048234,0.0047176,0.0048373,0.0046889,0.0043915
AGO,0.36807,0.24804,0.19284,0.21379,0.15098,0.1825,0.21701,0.24457,0.23736,0.21055,0.21527,0.17723,0.17078,0.26836,0.21433,0.24449,0.23918,0.20248,0.2274,0.22697,0.21857,0.19154
SLB,0.00039567,0.00044896,0.00049661,0.00042504,0.0004161,0.00036407,0.00040191,0.00044379,0.0004197,0.00042367,0.00039918,0.00040231,0.00039349,0.0004379,0.00046331,0.00045733,0.00047455,0.00045256,0.0004053,0.00043111,0.00041016,0.00038812
ZMB,0.24269,0.16711,0.12711,0.13903,0.094224,0.11202,0.13498,0.15915,0.16369,0.13665,0.14355,0.12027,0.11246,0.18408,0.14101,0.17291,0.15952,0.1404,0.15756,0.15438,0.14964,0.13413
TLS,0.002168,0.0018842,0.001867,0.0017564,0.0014042,0.0013628,0.0015587,0.0021993,0.0018599,0.0019559,0.0018488,0.0022412,0.0015173,0.0016422,0.0019856,0.0017307,0.0015246,0.0016624,0.0016722,0.0018767,0.0018712,0.0017595
MWI,0.028254,0.019515,0.014741,0.017823,0.012174,0.01307,0.017288,0.018499,0.020512,0.015686,0.018874,0.01477,0.014921,0.023768,0.018751,0.023694,0.019438,0.018667,0.020542,0.019829,0.019161,0.01783
BOL,0.22892,0.14489,0.1091,0.10902,0.084202,0.08429,0.092469,0.15577,0.12524,0.13184,0.12137,0.1167,0.10366,0.18742,0.13423,0.20908,0.15758,0.14282,0.13796,0.16171,0.15587,0.13929
AUS,1.0449,0.67892,0.52658,0.50539,0.48004,0.44488,0.4729,0.73449,0.71953,0.67327,0.56187,0.63094,0.52931,0.86148,0.77429,0.73341,0.7302,0.61514,0.69823,0.87267,0.86601,0.79671
MOZ,0.21472,0.17124,0.12088,0.14222,0.10761,0.11382,0.14425,0.1591,0.16477,0.14077,0.15113,0.13376,0.12826,0.19358,0.16884,0.19598,0.16958,0.15324,0.1721,0.17745,0.17296,0.16075
COM,0.00024301,0.00020929,0.00022209,0.00024201,0.00022218,0.00023154,0.00022976,0.00023245,0.0002409,0.0002228,0.00028039,0.00026534,0.0002568,0.00025731,0.00027551,0.00027929,0.00027835,0.00026071,0.00025416,0.00027843,0.00027666,0.0002616
MDG,0.094125,0.074268,0.06345,0.065672,0.059048,0.056058,0.072013,0.070676,0.074621,0.063198,0.071389,0.066801,0.063871,0.074389,0.073779,0.082339,0.082218,0.072202,0.080335,0.083616,0.081984,0.075759
FRA,0.00017751,0.00015053,0.00016079,0.00016969,0.00016093,0.00016852,0.00016533,0.00016812,0.00017158,0.00015587,0.00019984,0.00019072,0.00017732,0.00017716,0.00019416,0.00019535,0.00019452,0.00018013,0.00017426,0.00019506,0.0001939,0.00018214
WSM,0.000026187,0.000026227,0.000026375,0.000026267,0.000026405,0.000026283,0.000026419,0.000026121,0.000025661,0.000025485,0.000025398,0.000025549,0.000025191,0.000025913,0.000025559,0.000025382,0.000025446,0.000025336,0.000025307,0.000025112,0.000025035,0.000024725
VUT,0.00012461,0.00010714,0.00012385,0.000080734,0.000074335,0.000073795,0.00008258,0.00012854,0.000090541,0.000094192,0.000081611,0.00007633,0.000082507,0.00007458,0.000086535,0.00008422,0.000082917,0.000073358,0.000080538,0.000080489,0.000079504,0.000078547
USA,0.0000029364,0.0000029425,0.0000029645,0.000002949,0.0000029696,0.0000029523,0.0000029966,0.0000029691,0.0000029262,0.0000028964,0.0000028781,0.0000028903,0.0000028355,0.0000029453,0.0000029223,0.0000028806,0.0000028912,0.0000028763,0.0000028733,0.0000028459,0.000002836,0.0000027918
ZWE,0.10884,0.084887,0.051643,0.048614,0.037245,0.039373,0.042276,0.062083,0.067734,0.05741,0.051105,0.052126,0.041529,0.082621,0.069712,0.072651,0.073126,0.064619,0.071321,0.071571,0.07002,0.063713
FJI,0.000087316,0.000087093,0.000086775,0.000086347,0.000085915,0.000085426,0.000084732,0.000096676,0.00010168,0.00010035,0.00010151,0.00010648,0.00010886,0.00012727,0.00012975,0.00013245,0.00013005,0.00012742,0.00012464,0.00012173,0.00011902,0.00011634
NAM,0.14007,0.10304,0.063131,0.06128,0.053519,0.047968,0.039672,0.055884,0.05838,0.050896,0.055838,0.048329,0.038021,0.053367,0.05626,0.056632,0.051743,0.049961,0.066611,0.064828,0.063912,0.059385
CHL,0.012775,0.011768,0.011636,0.011212,0.011334,0.010076,0.01015,0.011019,0.011364,0.012347,0.012105,0.012308,0.013379,0.017796,0.01279,0.01355,0.01467,0.014894,0.015846,0.014803,0.014657,0.013467
BWA,0.16394,0.095876,0.05252,0.052854,0.046232,0.044596,0.044945,0.076849,0.089563,0.063215,0.063044,0.05379,0.053875,0.093815,0.075708,0.069571,0.05713,0.06196,0.089108,0.074329,0.073318,0.066536
TON,0.0000072243,0.0000072229,0.0000072212,0.0000072184,0.0000072158,0.0000072128,0.000007349,0.0000063483,0.0000068109,0.0000066397,0.0000067283,0.000006466,0.0000066933,0.0000062522,0.0000058773,0.0000058098,0.000005805,0.0000057999,0.0000057945,0.0000057888,0.0000057836,0.0000057781
PRY,0.11014,0.059214,0.045,0.044117,0.033665,0.031353,0.045508,0.078457,0.059718,0.054753,0.047853,0.050571,0.04866,0.097763,0.079368,0.085463,0.087423,0.078683,0.077548,0.091548,0.088264,0.081007
FRA,0.00072598,0.00061245,0.00074787,0.00046357,0.00046238,0.00041689,0.00048151,0.00070939,0.00050493,0.00064349,0.00054298,0.00044746,0.00043575,0.00042442,0.00050049,0.00046061,0.00048414,0.00041829,0.00045456,0.00048354,0.00046236,0.00041531
MUS,0.000035229,0.000034957,0.000034606,0.00008884,0.000031968,0.000031412,0.000061851,0.000037201,0.000036945,0.000038344,0.000040518,0.000037922,0.000034264,0.000041497,0.000041992,0.000043233,0.000045226,0.00004281,0.00004117,0.000038795,0.00003674,0.00003465
FRA,0.00018935,0.0001879,0.00018601,0.00047751,0.00017183,0.00016884,0.00033245,0.00019996,0.00019858,0.0002061,0.00021778,0.00020383,0.00018417,0.00022304,0.00022571,0.00023238,0.00024309,0.0002301,0.00022129,0.00020852,0.00019748,0.00018624
ARG,0.26781,0.17606,0.14204,0.12733,0.11201,0.099917,0.11174,0.19771,0.15783,0.15811,0.1304,0.13789,0.13968,0.25112,0.22098,0.2217,0.21908,0.21833,0.24544,0.25524,0.25219,0.23377
ZAF,0.237,0.13356,0.085511,0.090898,0.085711,0.080806,0.081863,0.12987,0.14313,0.12272,0.11341,0.10815,0.1049,0.20083,0.15571,0.14971,0.13835,0.1428,0.18543,0.17496,0.17353,0.15575
SWZ,0.0067693,0.0038794,0.0021063,0.0022626,0.0014422,0.0015958,0.0019618,0.0040995,0.003936,0.0027426,0.0023042,0.0023707,0.0021851,0.0054859,0.0038597,0.0041015,0.0036513,0.0038717,0.0044059,0.0042181,0.0041411,0.0036157
LSO,0.0052125,0.0037893,0.0029026,0.0030857,0.0028755,0.0027192,0.002643,0.0042779,0.003533,0.0037184,0.0034155,0.0032516,0.0033482,0.0051789,0.0045607,0.0047975,0.0043554,0.0043271,0.0053062,0.0054228,0.0054137,0.0049083
URY,0.02217,0.013403,0.011533,0.0094974,0.0093617,0.0071463,0.0087254,0.013358,0.011431,0.013939,0.010942,0.011347,0.011283,0.025997,0.015026,0.016897,0.01832,0.016999,0.017427,0.016495,0.016535,0.015337
NZL,0.003321,0.0032773,0.0031119,0.0037393,0.0036696,0.0032996,0.0033881,0.0036576,0.004102,0.0037315,0.0039861,0.0037295,0.0035341,0.0039355,0.0036409,0.0039406,0.0037305,0.0035429,0.0038946,0.0034888,0.003394,0.0030504
GBR,0.000019043,0.000020764,0.000017458,0.000020845,0.000021873,0.000016338,0.000034284,0.000020629,0.000015813,0.000025165,0.000021763,0.000022577,0.000016692,0.00002989,0.000019798,0.000020021,0.000026858,0.000028074,0.000019824,0.000019354,0.000019256,0.000019211
DNK,0.010317,0.011665,0.012001,0.0096188,0.0094509,0.011326,0.0098206,0.0091826,0.0086585,0.0087113,0.0081654,0.0096982,0.0097941,0.0077372,0.007686,0.0063492,0.0067598,0.0070932,0.0065544,0.0071091,0.0065987,0.0075362
DNK,0.010341,0.01169,0.012025,0.0096433,0.0094753,0.011351,0.0098438,0.0092065,0.0086832,0.0087369,0.0081916,0.009726,0.0098222,0.0077666,0.0077137,0.0063779,0.0067882,0.0071216,0.0065825,0.007137,0.0066263,0.0075636
FRA,0.15608,0.18603,0.18359,0.14395,0.13628,0.15208,0.14376,0.12479,0.13769,0.12089,0.12088,0.14296,0.13592,0.092209,0.08671,0.10251,0.099355,0.093349,0.092353,0.093701,0.063837,0.098427
EU,0.89065,1.0224,0.96182,0.76428,0.78081,0.89782,0.83671,0.7196,0.76651,0.71946,0.69732,0.79091,0.72328,0.60095,0.56835,0.56577,0.57595,0.56257,0.59561,0.54433,0.45511,0.59623
GBR,0.059854,0.070121,0.070692,0.05994,0.05594,0.058568,0.056947,0.051397,0.053482,0.049285,0.045446,0.070577,0.066682,0.043181,0.029369,0.034935,0.027137,0.036119,0.037617,0.039336,0.034366,0.03795
EUC,0.89096,1.0227,0.96212,0.7646,0.78113,0.89813,0.83706,0.71996,0.76687,0.71989,0.69766,0.79129,0.72366,0.60137,0.56874,0.56621,0.57635,0.563,0.596,0.54471,0.45548,0.59659