code,1995,1996,1997,1998,1999,2000,2001,2002,2003,2004,2005,2006,2007,2008,2009,2010,2011,2012,2013,2014
DNK,0.00062528,0.0010676,0.00096906,0.00098755,0.00087879,0.000071371,0.00012564,0.0000077508,0.00019409,-0.000012827,0.00016985,0.000082732,-0.000032858,-0.0000068556,-0.0000759,0.00037777,-0.00024311,0.00023516,-0.000019004,0.000053918
CAN,0.12596,0.11125,0.10483,0.10155,0.080799,0.080713,0.089721,0.062651,0.08568,0.065235,0.086068,0.07019,0.083211,0.048105,0.057179,0.026309,0.038151,0.035835,0.038786,0.036317
NOR,-0.000084731,-0.000052605,-0.000061795,-0.000086066,-0.000073953,-0.000073502,-0.000060729,-0.000055947,-0.000064644,-0.000071917,-0.000050693,-0.0000193,-0.000059738,-0.000059973,-0.000046663,-0.000047916,-0.000044238,-0.000071281,-0.000085858,-0.000068595
RUS,0.40013,0.33823,0.28487,0.071263,0.16542,0.17863,0.14477,0.13195,0.14329,0.19684,0.17685,0.14453,0.15763,0.16452,0.16682,0.18065,0.17687,0.21082,0.23516,0.20056
USA,0.89552,0.64336,0.53584,0.37033,0.33153,0.3007,0.33429,0.42775,0.40463,0.31843,0.34611,0.48748,0.612,0.57501,0.6584,0.60532,0.67808,0.43766,0.55794,0.50278
NOR,0.0073866,0.0078858,0.0073613,0.006219,0.006218,0.005982,0.0056858,0.007262,0.0068065,0.0063636,0.0067184,0.0059965,0.0057224,0.0040063,0.0043305,0.0046925,0.0048614,0.0046629,0.0057263,0.0060714
FIN,0.010317,0.0098172,0.010088,0.0080472,0.0083534,0.0082268,0.0081777,0.010858,0.010407,0.0098786,0.011838,0.010111,0.0092362,0.0078716,0.0071258,0.0069329,0.006821,0.0063442,0.0087755,0.0079751
SWE,0.016935,0.017423,0.016345,0.013613,0.013443,0.013841,0.012175,0.016117,0.015465,0.013116,0.014466,0.013195,0.011678,0.0097282,0.010615,0.011762,0.012156,0.010335,0.013068,0.01415
ISL,0.00075254,0.00086815,0.00087998,0.00077276,0.00083321,0.00071121,0.00067891,0.00071729,0.00081422,0.00075349,0.00077566,0.00060202,0.00066262,0.00063519,0.00057051,0.00055617,0.0006621,0.00069973,0.00061114,0.00076454
DNK,0.00016527,0.00017777,0.00018076,0.00017765,0.00017443,0.00018257,0.0001767,0.00018466,0.00019469,0.00018478,0.00017056,0.00016509,0.00017254,0.00014827,0.00015089,0.00014641,0.00017947,0.00017545,0.00016472,0.00018762
GBR,0.049371,0.045623,0.036398,0.034115,0.035516,0.027709,0.021724,0.02738,0.033599,0.025486,0.028423,0.076514,0.066846,0.031512,-0.0066672,0.0087853,-0.028689,0.040629,0.024546,0.028017
EST,0.0038956,0.0036715,0.0032559,0.0026302,0.0025286,0.0028364,0.0025969,0.003952,0.0030348,0.0028107,0.0036719,0.0038627,0.0032218,0.0030844,0.0024142,0.0024849,0.0030072,0.0027696,0.0036157,0.0030414
LVA,0.0037997,0.0035819,0.0031763,0.0025687,0.0024845,0.0027775,0.0025501,0.003857,0.0029967,0.0028011,0.003652,0.0038462,0.0032469,0.0030804,0.0024273,0.002497,0.0030335,0.0027838,0.0036512,0.0031084
DNK,0.011624,0.012366,0.010508,0.0093137,0.0082795,0.0088956,0.0092458,0.0091664,0.012057,0.010818,0.0084783,0.0098497,0.0080462,0.0066788,0.0067986,0.0082289,0.0075696,0.0054649,0.0059666,0.0097798
LTU,0.0081225,0.0074211,0.0063331,0.0037341,0.0041505,0.005767,0.0039876,0.0055266,0.0059978,0.0051253,0.0068059,0.0091535,0.006532,0.0050225,0.0048536,0.0033135,0.0063744,0.0048705,0.0063882,0.006297
BLR,0.02547,0.020001,0.016335,0.010159,0.011271,0.01417,0.012099,0.013016,0.014118,0.014227,0.015191,0.018549,0.01305,0.010096,0.014397,0.0055593,0.017099,0.014699,0.018879,0.018375
IRL,0.0055109,0.0043411,0.0046287,0.0036568,0.0035151,0.0029346,0.0025084,0.0027546,0.0034218,0.0022786,0.0030194,0.0034631,0.0034446,0.0026028,0.0011903,0.0018651,0.0011961,0.0033411,0.0033379,0.0031789
KAZ,0.038548,0.041896,0.039512,0.034426,0.031684,0.031705,0.028409,0.028064,0.023438,0.025445,0.025273,0.024565,0.025497,0.027968,0.024072,0.032707,0.031158,0.039225,0.033636,0.030737
DEU,0.1097,0.11697,0.10639,0.10251,0.071216,0.085999,0.10295,0.082607,0.1218,0.12628,0.09255,0.12147,0.094058,0.090205,0.088396,0.11081,0.08157,0.073007,0.087973,0.11239
POL,0.068691,0.06345,0.060348,0.048327,0.060954,0.068623,0.06377,0.068166,0.084563,0.0492,0.056605,0.07687,0.051346,0.041926,0.047323,0.048149,0.06533,0.030793,0.041018,0.050728
NLD,0.029021,0.032989,0.023431,0.018771,0.014539,0.011785,0.017106,0.016703,0.018898,0.024385,0.020903,0.043136,0.032188,0.021332,0.0043771,0.027352,-0.00068029,0.030515,0.029325,0.030877
CHN,1.051,0.87373,0.685,0.69402,0.59054,0.66611,0.47253,0.58429,0.30693,0.6207,0.64702,0.74511,0.69296,0.4625,0.59335,1.0374,0.95495,0.78198,0.84525,1.1043
UKR,0.10881,0.092588,0.069354,0.039373,0.063543,0.076805,0.056064,0.062651,0.061527,0.085593,0.077638,0.07588,0.056605,0.058081,0.062118,0.062314,0.08741,0.086335,0.081608,0.077657
MNG,0.0061639,0.0060814,0.005727,0.0047255,0.0045504,0.0056239,0.0064003,0.0088315,0.0062269,0.0060881,0.0060279,0.0068353,0.0071381,0.0078595,0.0067654,0.0058492,0.0065575,0.0067571,0.0063029,0.0063924
BEL,0.015099,0.016819,0.012071,0.010055,0.0078725,0.0065584,0.0086697,0.0086085,0.0099906,0.012132,0.010691,0.022506,0.017176,0.011088,0.0021096,0.012876,-0.0010617,0.015186,0.014196,0.014946
FRA,0.11306,0.11281,0.097808,0.10256,0.066758,0.071345,0.07237,0.059838,0.12186,0.071407,0.086398,0.13258,0.12309,0.094017,0.072023,0.10058,0.077098,0.092864,0.092489,0.090915
CZE,0.017794,0.017667,0.019423,0.024683,0.019202,0.02353,0.026491,0.020545,0.024575,0.025734,0.018546,0.019809,0.013291,0.017175,0.019635,0.020963,0.020275,0.013719,0.018563,0.019072
LUX,0.00076999,0.00082869,0.00066823,0.00071045,0.00036284,0.00049084,0.00051833,0.00041722,0.00062524,0.00062863,0.00063058,0.00085623,0.00073297,0.00070275,0.00054737,0.00079674,0.00047366,0.00062164,0.00077643,0.00071256
SVK,0.009545,0.0094626,0.0098649,0.013424,0.011145,0.013334,0.01372,0.010962,0.01133,0.013441,0.010784,0.0095354,0.00669,0.0099841,0.010654,0.01004,0.010581,0.0099785,0.012225,0.010863
AUT,0.021292,0.021342,0.025882,0.034429,0.021974,0.029749,0.034647,0.026039,0.028977,0.038116,0.027926,0.025043,0.018805,0.025175,0.031165,0.03083,0.02869,0.02237,0.032487,0.026494
HUN,0.017708,0.017589,0.018242,0.024863,0.020853,0.024762,0.025399,0.02047,0.021001,0.024991,0.020352,0.017452,0.012509,0.018886,0.020219,0.018872,0.019995,0.019233,0.023441,0.020645
MDA,0.0050156,0.0049571,0.0027855,0.0028073,0.0040662,0.004216,0.0027844,0.0028568,0.0031707,0.0052099,0.0049595,0.0055293,0.0029653,0.003043,0.0069211,0.0054385,0.0061056,0.0043157,0.0042174,0.0040019
ROU,0.038073,0.037474,0.026612,0.023841,0.035856,0.034876,0.025012,0.031009,0.03266,0.03145,0.040622,0.033345,0.026873,0.028721,0.041317,0.033137,0.041084,0.037264,0.037342,0.031629
CHE,0.011617,0.011837,0.012322,0.014381,0.0071407,0.011203,0.012063,0.0095076,0.013147,0.013946,0.013008,0.011538,0.010823,0.012553,0.015382,0.014964,0.014217,0.0091505,0.014545,0.011374
LIE,0.000037548,0.000037449,0.000047187,0.000052799,0.000030971,0.00004453,0.000053982,0.000045253,0.000052955,0.000064631,0.000053729,0.000044076,0.000039569,0.000043613,0.000061974,0.000058478,0.000055575,0.000037122,0.000059847,0.00004468
FRA,0.00010905,0.00010417,0.000093977,0.00009643,0.0001011,0.000094652,0.000097119,0.000087589,0.000093154,0.000092038,0.000090353,0.000094385,0.000090921,0.000091873,0.000082919,0.00009594,0.00008301,0.00009123,0.000087443,0.000090542
ITA,0.063243,0.061114,0.06836,0.075814,0.054993,0.066954,0.074804,0.066499,0.076947,0.082065,0.073298,0.066253,0.053438,0.058473,0.068977,0.074064,0.066738,0.053731,0.073456,0.061753
SVN,0.0052306,0.0052539,0.0062698,0.0089163,0.0058468,0.0077664,0.0089259,0.0064393,0.0070173,0.009527,0.0066123,0.0061686,0.0042577,0.0062464,0.0072702,0.0073585,0.0067816,0.0056528,0.0078651,0.0066547
HRV,0.015685,0.015511,0.017942,0.025835,0.017929,0.022844,0.025677,0.018883,0.020384,0.026812,0.018824,0.018037,0.012252,0.018003,0.019626,0.020926,0.018998,0.016964,0.022314,0.0193
SRB,0.015693,0.016243,0.014039,0.015504,0.017059,0.017459,0.015013,0.015536,0.018378,0.012705,0.014751,0.012161,0.013097,0.014718,0.010891,0.014671,0.014079,0.016944,0.017847,0.013067
UZB,0.011718,0.011253,0.01106,0.0125,0.010567,0.013263,0.012614,0.01009,0.0085581,0.0079267,0.0084631,0.0095331,0.0095033,0.011044,0.0083329,0.0092006,0.013603,0.011998,0.0094356,0.0098736
JPN,0.078302,0.078986,0.072751,0.066937,0.063956,0.061986,0.065384,0.054871,0.054217,0.053184,0.057679,0.055953,0.056425,0.058325,0.060236,0.071087,0.072742,0.068346,0.070262,0.063974
BIH,0.0073358,0.0071391,0.0078912,0.011718,0.0087312,0.010611,0.011547,0.0086593,0.009219,0.011672,0.0082631,0.0082003,0.0054866,0.0082236,0.0080657,0.0093418,0.0083323,0.0082539,0.010051,0.0088998
BGR,0.020516,0.021455,0.01785,0.022535,0.02201,0.021424,0.019442,0.01809,0.023221,0.024313,0.022861,0.022517,0.01822,0.020152,0.016053,0.026134,0.019405,0.022952,0.020601,0.014112
ESP,0.077163,0.08075,0.071478,0.063457,0.057502,0.052139,0.061985,0.058872,0.059264,0.047706,0.06759,0.081802,0.060199,0.048333,0.054978,0.069603,0.080566,0.072191,0.062944,0.07269
GEO,0.0052273,0.0047173,0.0041229,0.0034696,0.0040443,0.0042868,0.0038774,0.0041072,0.0033613,0.0040332,0.0042088,0.0032142,0.0037229,0.0038508,0.0035123,0.0045342,0.0041255,0.0044185,0.0039262,0.0036478
KGZ,0.004737,0.0043141,0.0047929,0.004542,0.0037713,0.0043761,0.0041649,0.0040695,0.0037209,0.0036356,0.003353,0.0043132,0.004004,0.005369,0.0036185,0.003643,0.0045591,0.0049541,0.003828,0.0043571
PRK,0.017118,0.016495,0.0089617,0.012626,0.0061713,0.0091294,0.015128,0.011835,0.010178,0.008968,0.0086429,0.0030642,0.0025729,0.0073633,0.010595,0.0065046,0.0046731,0.0097775,0.010843,0.0043541
AND,0.000074245,0.000072242,0.000066315,0.000056527,0.000048506,0.000043984,0.000059499,0.000063318,0.000053158,0.000034363,0.000069616,0.0000929,0.000064953,0.000049787,0.000066777,0.000068991,0.000067376,0.000072695,0.000055326,0.000087955
ALB,0.0049519,0.0051493,0.0043687,0.0048653,0.0052902,0.0052234,0.0044168,0.0046818,0.0059777,0.0035548,0.0041649,0.0038379,0.0044126,0.0045317,0.0024631,0.004951,0.0039446,0.0053151,0.0052999,0.0035584
TKM,0.013255,0.012591,0.014579,0.015364,0.01426,0.018233,0.018265,0.013795,0.01061,0.010517,0.011197,0.013347,0.012449,0.013048,0.010825,0.012163,0.015019,0.014208,0.013271,0.014415
MKD,0.0040116,0.0043963,0.0035281,0.0037735,0.0043374,0.0042167,0.0033212,0.0035652,0.0047942,0.0023325,0.0029795,0.0026377,0.0033908,0.0033911,0.0014939,0.003441,0.0026395,0.0037841,0.0036622,0.002208
TUR,0.081824,0.07907,0.07119,0.078768,0.079727,0.08832,0.091741,0.080676,0.082878,0.099372,0.091191,0.090036,0.078449,0.088491,0.07846,0.10495,0.090155,0.0899,0.086073,0.073036
PRT,0.0097663,0.010775,0.0095805,0.0085284,0.0076189,0.0071358,0.0078206,0.0072394,0.0078321,0.0069146,0.0085726,0.0097075,0.0074875,0.0061152,0.0063818,0.008691,0.011224,0.0089623,0.0082936,0.0080802
AZE,0.0081637,0.0074792,0.0069324,0.0069579,0.0073176,0.0074077,0.0071595,0.0066775,0.0058106,0.0065636,0.0068568,0.0061003,0.0065089,0.0070637,0.0063297,0.0076382,0.007696,0.0079603,0.007392,0.0073275
GRC,0.028663,0.02998,0.025245,0.028263,0.030975,0.030377,0.026072,0.026865,0.034063,0.024445,0.02607,0.02499,0.025802,0.027585,0.017921,0.029745,0.024524,0.031838,0.030045,0.020623
ARM,0.0023573,0.0021146,0.0018128,0.0014636,0.0017825,0.0019002,0.0017379,0.0017901,0.0014224,0.001786,0.0018682,0.0013698,0.0016486,0.001763,0.0015874,0.0020751,0.0018834,0.0020705,0.0017979,0.0016643
TJK,0.0058165,0.005142,0.005128,0.0063542,0.0053374,0.0059741,0.0068957,0.0057296,0.00534,0.0047753,0.0054049,0.0055612,0.0064709,0.0060424,0.0050049,0.0048446,0.0076323,0.0058973,0.0055491,0.0059228
IRN,0.089259,0.090987,0.087858,0.09845,0.10312,0.12085,0.13034,0.096701,0.081665,0.08791,0.1008,0.10204,0.1041,0.10117,0.094242,0.10853,0.11536,0.1085,0.11402,0.10442
KOR,0.033701,0.034691,0.030239,0.038491,0.038265,0.036316,0.042151,0.021698,0.020806,0.021226,0.024979,0.021957,0.019343,0.021692,0.021744,0.023787,0.024112,0.026321,0.026372,0.026018
AFG,0.019838,0.017884,0.019411,0.021869,0.020967,0.023093,0.025487,0.022203,0.01947,0.018113,0.020025,0.018689,0.021035,0.018124,0.016872,0.016871,0.024413,0.019391,0.020515,0.021609
TUN,0.010766,0.0095228,0.010476,0.0079907,0.0082962,0.0097503,0.01096,0.011503,0.010673,0.0087243,0.0088128,0.0089852,0.0046917,0.0050735,0.0051646,0.0094649,0.0062038,0.0068615,0.010492,0.010275
IRQ,0.031152,0.030417,0.030969,0.030582,0.035202,0.044283,0.046891,0.035545,0.031387,0.034138,0.035046,0.035261,0.038339,0.03918,0.034753,0.044152,0.040307,0.036864,0.043426,0.033163
SYR,0.021116,0.018931,0.017789,0.015018,0.017886,0.02593,0.026671,0.020454,0.019424,0.019557,0.019016,0.019921,0.020374,0.025095,0.019652,0.02642,0.023559,0.020487,0.026116,0.020426
DZA,0.029227,0.026588,0.028195,0.02841,0.033721,0.031563,0.035007,0.029489,0.030796,0.027488,0.029786,0.034051,0.029623,0.029694,0.029025,0.030898,0.027211,0.032838,0.031897,0.034515
PAK,0.13249,0.10303,0.11151,0.12556,0.14058,0.14353,0.13321,0.12327,0.13286,0.14464,0.17276,0.16005,0.17661,0.11999,0.12774,0.18606,0.16598,0.12932,0.15897,0.20538
MLT,0.00047514,0.00047253,0.00047704,0.00045443,0.00047915,0.0004782,0.00051159,0.00050569,0.00052788,0.00050212,0.00048812,0.00031967,0.00024682,0.00025951,0.00026796,0.00027555,0.00025946,0.00026637,0.00028268,0.00028114
MAR,0.028916,0.030891,0.022688,0.022143,0.021367,0.020215,0.027117,0.020431,0.021852,0.020793,0.02057,0.024313,0.020534,0.019976,0.015959,0.027403,0.023717,0.025625,0.024754,0.025556
CYP,0.0032234,0.0031658,0.0028236,0.0028184,0.0035015,0.0035966,0.0050259,0.0043728,0.0041316,0.0036003,0.0033612,0.0032932,0.0033655,0.0038545,0.002664,0.0035005,0.0037054,0.003388,0.0029054,0.0029678
IND,0.85271,0.72832,0.70293,0.82984,0.81628,0.94308,0.77143,0.71071,0.76273,0.93109,0.98612,0.98374,1.0314,0.75288,0.74875,1.0678,0.93079,0.84572,1.0314,1.0358
LBN,0.0013735,0.0013332,0.0012116,0.0012069,0.0014532,0.0015966,0.0020696,0.0018027,0.001776,0.0015598,0.0014538,0.0014698,0.0014807,0.0017303,0.0012625,0.00168,0.0017415,0.0015828,0.0014844,0.001446
JOR,0.0044108,0.0043215,0.0042834,0.0050521,0.0049187,0.0060943,0.0061071,0.0058902,0.0075177,0.0060166,0.0052293,0.0059537,0.0053141,0.0063224,0.0058731,0.007783,0.0080751,0.0071894,0.0074339,0.0074364
ISR,0.0040617,0.0040466,0.004011,0.004719,0.0047273,0.0057271,0.0057763,0.0056511,0.0072069,0.0057017,0.0048733,0.0055395,0.0048762,0.0058621,0.0051634,0.0070184,0.0074413,0.0066592,0.0066987,0.0066495
LBY,0.010471,0.0097353,0.011119,0.010964,0.012611,0.011727,0.013298,0.012944,0.012896,0.011026,0.011485,0.011077,0.011121,0.012162,0.012944,0.014326,0.013476,0.012909,0.015169,0.013907
MEX,0.25212,0.23559,0.21822,0.2497,0.22899,0.23143,0.18944,0.2132,0.21144,0.22766,0.20472,0.21193,0.23885,0.16563,0.20318,0.20087,0.23532,0.23565,0.30639,0.24843
SAU,0.035052,0.034417,0.028928,0.034942,0.030391,0.028727,0.037811,0.038933,0.030386,0.026974,0.026511,0.025397,0.02872,0.029623,0.032605,0.033534,0.031198,0.028445,0.0315,0.032171
EGY,0.033278,0.034148,0.034228,0.0382,0.035366,0.042411,0.037745,0.039231,0.049035,0.043198,0.039924,0.044343,0.040941,0.050372,0.043706,0.05578,0.057704,0.053727,0.05684,0.058772
NPL,0.028125,0.025646,0.024104,0.027015,0.027508,0.028161,0.018133,0.023394,0.02249,0.027681,0.033113,0.036884,0.036916,0.022017,0.02235,0.035904,0.034839,0.026558,0.033445,0.033484
KWT,0.001513,0.0014894,0.0013833,0.0017155,0.0017408,0.0018986,0.0021352,0.0015902,0.0014571,0.001566,0.0017672,0.0016763,0.0018261,0.0016059,0.0017526,0.0018977,0.0018174,0.0018108,0.0018007,0.0017118
MMR,0.081043,0.087537,0.086565,0.10355,0.097787,0.096914,0.078432,0.061872,0.073259,0.099995,0.093899,0.097716,0.11223,0.073983,0.087884,0.11774,0.09026,0.10461,0.11195,0.09985
BTN,0.0068655,0.0063859,0.0059002,0.0066865,0.007309,0.0070755,0.0055356,0.0044506,0.0051679,0.0072209,0.0080764,0.0086887,0.0092492,0.0055086,0.0042498,0.0086091,0.0065737,0.0064031,0.0090038,0.0077595
ESH,0.0030323,0.0029773,0.0028803,0.0028935,0.0033484,0.00326,0.0033705,0.0032252,0.0032098,0.0032367,0.0032854,0.0034426,0.003541,0.0034064,0.0031603,0.0030534,0.0033858,0.0037842,0.0036301,0.0038106
MRT,0.018535,0.015883,0.017867,0.014933,0.019214,0.014176,0.012633,0.016644,0.01834,0.015652,0.016845,0.015076,0.013033,0.015307,0.010616,0.022667,0.012073,0.01818,0.018132,0.018966
BHS,0.0093333,0.0085384,0.0075857,0.0087141,0.0078533,0.0096597,0.010067,0.010207,0.0065201,0.0067819,0.0067622,0.0062601,0.0082709,0.0077548,0.0068568,0.0076204,0.0067586,0.0081006,0.0076647,0.0076031
BGD,0.053298,0.049834,0.046235,0.052029,0.056871,0.055053,0.043437,0.035089,0.040538,0.055681,0.061864,0.066247,0.070322,0.04246,0.03353,0.065136,0.050105,0.0488,0.067462,0.058658
OMN,0.008039,0.0088955,0.0083284,0.0077758,0.0087165,0.0095285,0.0092474,0.0092002,0.0081591,0.0088939,0.009382,0.0091747,0.0088329,0.0084486,0.0075677,0.0095957,0.0099757,0.0088705,0.0094252,0.0089871
BHR,0.00016188,0.00017328,0.00016217,0.00015516,0.00017354,0.0001677,0.00018196,0.00016697,0.00016743,0.00017925,0.00018035,0.0001753,0.00017239,0.00016733,0.00015986,0.00017998,0.00017859,0.00016881,0.00017649,0.00017308
QAT,0.00082797,0.00088631,0.00082946,0.00079359,0.0008876,0.00085778,0.00093103,0.00085463,0.00085733,0.00091818,0.00092412,0.00089861,0.00088397,0.00085837,0.00082036,0.00092393,0.00091712,0.00086722,0.00090701,0.00088948
ARE,0.0033297,0.0038893,0.0033594,0.0033998,0.0034689,0.0036078,0.0038512,0.0037203,0.0036004,0.0038012,0.0041553,0.0039763,0.003906,0.0035477,0.0034077,0.0045971,0.0048466,0.0042126,0.0043534,0.0041158
CHN,0.0068747,0.0066639,0.0064254,0.0069782,0.0065197,0.0064196,0.0062883,0.0060202,0.005212,0.0076425,0.0078996,0.0083963,0.0096888,0.0077715,0.0078834,0.0080693,0.0070236,0.0073129,0.0079881,0.0079422
MLI,0.060246,0.058135,0.057903,0.052999,0.063165,0.042636,0.043551,0.052201,0.067207,0.05597,0.060603,0.052879,0.042741,0.056014,0.037275,0.092064,0.047082,0.075076,0.06996,0.079654
NER,0.055263,0.06285,0.069297,0.055765,0.058666,0.041,0.043142,0.044323,0.055675,0.051593,0.050945,0.041051,0.041814,0.046929,0.03733,0.063106,0.043052,0.059717,0.04831,0.056415
TCD,0.089893,0.077982,0.086944,0.089247,0.094432,0.080015,0.089731,0.089735,0.10652,0.099431,0.083857,0.081997,0.081922,0.085698,0.070879,0.11783,0.082176,0.097656,0.091158,0.093864
VNM,0.05456,0.053569,0.061982,0.067697,0.060575,0.065634,0.053858,0.053111,0.060741,0.073026,0.063366,0.074407,0.081403,0.057129,0.066751,0.092406,0.079697,0.098221,0.10469,0.093612
CUB,0.015468,0.014939,0.015161,0.016318,0.014507,0.014861,0.015205,0.015368,0.013303,0.013582,0.01261,0.013504,0.014206,0.013508,0.013407,0.012274,0.011656,0.014238,0.013577,0.013946
SDN,0.27076,0.24247,0.2561,0.24586,0.24421,0.23997,0.28373,0.25146,0.28812,0.24424,0.26301,0.25989,0.27235,0.27453,0.23605,0.40041,0.28841,0.29117,0.29348,0.27472
LAO,0.034989,0.03428,0.038865,0.056189,0.040444,0.042711,0.031299,0.030074,0.032283,0.044819,0.038568,0.043139,0.060078,0.034099,0.04029,0.063247,0.043497,0.06146,0.062454,0.056977
CHN,0.00072706,0.00062032,0.00061329,0.00073549,0.00064258,0.00055979,0.00051887,0.00048619,0.00014201,0.0007716,0.00091818,0.00091012,0.0010116,0.00063825,0.00055961,0.00010199,0.00054707,0.00051203,0.00067297,0.00094059
GBR,0.0011655,0.0011934,0.0012024,0.0011222,0.0012082,0.0011953,0.0013819,0.0013117,0.0011913,0.0013171,0.0012388,0.0012278,0.0010762,0.0010302,0.0012735,0.001072,0.0010425,0.0012972,0.0013384,0.0012866
THA,0.10573,0.10597,0.11606,0.14103,0.12347,0.12234,0.10124,0.094771,0.10331,0.13552,0.12014,0.12052,0.15358,0.10383,0.1106,0.1675,0.12753,0.15245,0.16634,0.14883
HTI,0.0030351,0.0031042,0.0031656,0.0029096,0.0031621,0.0030902,0.0036471,0.0034844,0.0031404,0.0034419,0.0032406,0.0031991,0.0027919,0.0026676,0.0033409,0.0027383,0.0026701,0.0033872,0.0035251,0.0034219
DOM,0.0027425,0.0028103,0.002948,0.0025974,0.002846,0.0027538,0.0031878,0.0030462,0.0027683,0.0030931,0.0029279,0.0028829,0.0026496,0.0025674,0.0030465,0.0026402,0.0025675,0.003234,0.0033376,0.0033261
PHL,0.028736,0.031071,0.034291,0.030651,0.027685,0.02862,0.031125,0.032473,0.033735,0.032863,0.029644,0.030091,0.029731,0.024452,0.02787,0.028297,0.026627,0.028726,0.028912,0.033196
YEM,0.012853,0.012994,0.012814,0.01309,0.012298,0.012744,0.013823,0.012733,0.012789,0.013794,0.01243,0.012419,0.011614,0.011362,0.0098033,0.012103,0.01314,0.012347,0.01228,0.012203
JAM,0.0039949,0.0039286,0.0043244,0.0046533,0.0039448,0.0036988,0.0037145,0.0037494,0.0037154,0.0036552,0.003227,0.0037106,0.003618,0.0034651,0.0035442,0.0028324,0.0027292,0.003561,0.0032667,0.0035415
BLZ,0.0044127,0.0037487,0.0040036,0.0047735,0.0036016,0.0050614,0.0035062,0.0039709,0.004403,0.0046604,0.0038162,0.0036662,0.0045655,0.0034285,0.002681,0.0036742,0.0033678,0.0045498,0.004669,0.0044192
USA,0.00049868,0.00051368,0.00057952,0.00045663,0.00051193,0.00048166,0.00051538,0.00048245,0.00044087,0.0005124,0.00048332,0.00046281,0.0004836,0.0004775,0.00047805,0.00047689,0.00045263,0.00054957,0.00054389,0.00058021
KHM,0.040619,0.041128,0.046399,0.047764,0.047945,0.047931,0.041248,0.03934,0.043066,0.054627,0.044291,0.048093,0.054627,0.039074,0.041642,0.061726,0.051826,0.063157,0.065568,0.055999
GBR,0.00002748,0.000028953,0.00002935,0.000026121,0.000025043,0.000025722,0.000027188,0.000027729,0.000026971,0.000034085,0.000030138,0.00002612,0.00002654,0.000033806,0.00003211,0.00003135,0.000034374,0.000031944,0.000031212,0.000029572
NLD,0.00041229,0.00041496,0.00051268,0.00039569,0.00037748,0.00047618,0.00043997,0.00042072,0.00046442,0.00048187,0.00052396,0.00048571,0.00040789,0.00037833,0.00046171,0.00036303,0.00056395,0.0004773,0.00039879,0.00047133
ERI,0.010952,0.010794,0.012415,0.012823,0.0098415,0.010946,0.013248,0.011287,0.01377,0.0099778,0.011065,0.0091668,0.0091037,0.0080108,0.0090833,0.011719,0.01124,0.012064,0.013502,0.011194
GTM,0.012544,0.0113,0.011993,0.015315,0.011429,0.014488,0.010639,0.011513,0.013536,0.01296,0.012258,0.010724,0.013404,0.011429,0.010487,0.012711,0.011712,0.012955,0.014022,0.013623
USA,0.000098258,0.0001021,0.00011063,0.00009129,0.000096515,0.000093777,0.000099726,0.000096342,0.000090152,0.00010839,0.000099329,0.00009121,0.000094129,0.00010325,0.00010085,0.000099528,0.00010069,0.00010863,0.0001068,0.00010881
ATG,0.000054961,0.000057907,0.000058701,0.000052244,0.000050088,0.000051445,0.000054377,0.00005546,0.000053944,0.000068172,0.000060278,0.000052241,0.000053081,0.000067614,0.000064222,0.000062701,0.000068749,0.00006389,0.000062425,0.000059146
KNA,0.00005496,0.000057905,0.000058699,0.000052242,0.000050087,0.000051443,0.000054375,0.000055458,0.000053943,0.00006817,0.000060277,0.00005224,0.000053079,0.000067612,0.00006422,0.000062699,0.000068748,0.000063888,0.000062424,0.000059145
CPV,0.0025901,0.0027542,0.0026388,0.0024507,0.0026958,0.0026749,0.0025087,0.0027289,0.0025825,0.0026052,0.0024666,0.0026298,0.0026537,0.0024873,0.0025934,0.0023957,0.0025335,0.0026843,0.0026347,0.0027325
GBR,0.00010938,0.00011471,0.00013694,0.000099618,0.00010245,0.00010136,0.00011903,0.00010722,0.00011027,0.00012909,0.00011376,0.00011927,0.00010228,0.00010468,0.0001013,0.00010439,0.00011206,0.00012245,0.00010843,0.00011598
SEN,0.023739,0.019549,0.022351,0.01643,0.021835,0.017103,0.015302,0.021333,0.022957,0.019131,0.022667,0.01753,0.01485,0.018444,0.011521,0.028963,0.014009,0.021648,0.021744,0.021997
FRA,0.00012618,0.00013231,0.0001587,0.00011476,0.00011828,0.00011688,0.0001377,0.00012356,0.00012731,0.00014867,0.000131,0.00013814,0.00011786,0.00011968,0.00011589,0.00011968,0.00012837,0.00014108,0.00012451,0.00013373
HND,0.010939,0.010625,0.012012,0.015286,0.010555,0.012013,0.010203,0.010826,0.012469,0.011489,0.011876,0.009862,0.011455,0.010414,0.010418,0.012262,0.010575,0.010658,0.011234,0.010979
DMA,0.00012595,0.00013194,0.00016315,0.00011352,0.00011871,0.00011643,0.00014,0.00012259,0.00012777,0.00014685,0.0001293,0.0001415,0.00011685,0.00011242,0.00010944,0.00011466,0.0001223,0.00013971,0.00012055,0.00013308
BFA,0.039581,0.038504,0.039564,0.036099,0.037992,0.029905,0.031383,0.032976,0.042188,0.033983,0.039281,0.033248,0.028374,0.0352,0.026759,0.049915,0.033155,0.04335,0.040318,0.047117
NIC,0.0094705,0.0095007,0.011199,0.013974,0.0091896,0.0099555,0.0093267,0.010001,0.011299,0.010591,0.01116,0.0092541,0.010384,0.0095239,0.0097979,0.011813,0.0098202,0.010017,0.010316,0.010021
FRA,0.00022975,0.00024068,0.00029761,0.00020708,0.00021655,0.00021238,0.00025538,0.00022363,0.00023306,0.00026787,0.00023586,0.0002581,0.00021315,0.00020507,0.00019962,0.00020915,0.00022309,0.00025485,0.0002199,0.00024275
ETH,0.1247,0.12056,0.12115,0.12681,0.11395,0.12681,0.13806,0.11883,0.12826,0.1151,0.11441,0.10682,0.12209,0.11454,0.11142,0.14929,0.12865,0.12526,0.14501,0.1193
SLV,0.0029852,0.0027675,0.0029418,0.003871,0.0028633,0.0034657,0.0026011,0.0027344,0.0032863,0.0029657,0.0029962,0.0024864,0.0030937,0.0027861,0.0027065,0.0031064,0.0028506,0.0028359,0.0031329,0.0031072
LCA,0.00024606,0.00025777,0.00031874,0.00022178,0.00023192,0.00022746,0.00027351,0.0002395,0.0002496,0.00028688,0.0002526,0.00027643,0.00022829,0.00021962,0.00021379,0.000224,0.00023893,0.00027295,0.00023552,0.00025998
GMB,0.00093817,0.00086208,0.00091964,0.0007583,0.00088486,0.00078647,0.00075141,0.00095853,0.0010581,0.00084645,0.0010207,0.00076976,0.00068386,0.00078526,0.00055995,0.0011787,0.00069529,0.00092542,0.00093331,0.0009155
NGA,0.16364,0.14716,0.16249,0.13756,0.15063,0.1343,0.13982,0.13491,0.15341,0.14508,0.16956,0.14015,0.14596,0.16265,0.14601,0.20836,0.14014,0.17311,0.15255,0.16549
VCT,0.000095163,0.000099692,0.00012327,0.000085772,0.000089695,0.000087968,0.00010578,0.000092627,0.000096534,0.00011095,0.000097693,0.00010691,0.000088289,0.000084939,0.000082685,0.000086632,0.000092405,0.00010556,0.000091086,0.00010055
BRB,0.00013966,0.0001466,0.00018105,0.00012578,0.00013241,0.00012949,0.00015642,0.00013698,0.00014293,0.00016388,0.00014341,0.00015716,0.0001297,0.00012534,0.0001223,0.00012769,0.00013654,0.00015621,0.00013587,0.00014923
CMR,0.078166,0.068021,0.072325,0.065576,0.072609,0.070567,0.07164,0.063383,0.073913,0.068997,0.074516,0.065194,0.067388,0.072573,0.066001,0.09626,0.067091,0.074906,0.068531,0.070966
DJI,0.0012159,0.0011884,0.0012888,0.0013939,0.0011556,0.0012037,0.0013679,0.0011951,0.0013722,0.0012622,0.0011897,0.0010799,0.001023,0.00098358,0.00094373,0.001155,0.0012344,0.0012748,0.0013053,0.0011961
GNB,0.0039826,0.0036239,0.0038878,0.0031861,0.0037455,0.0032998,0.003131,0.0040039,0.0043911,0.0035257,0.0042207,0.0031999,0.0028297,0.0032591,0.0023198,0.0048595,0.0028411,0.0038045,0.0038233,0.0037657
GIN,0.024489,0.021379,0.024808,0.025589,0.024323,0.021732,0.01893,0.023629,0.021717,0.02124,0.025463,0.021535,0.019381,0.024322,0.022189,0.031786,0.021405,0.029536,0.030818,0.03097
COL,0.060779,0.053024,0.068201,0.0576,0.053808,0.060801,0.056576,0.06772,0.052146,0.063413,0.061325,0.057969,0.05141,0.046976,0.059933,0.046563,0.059089,0.071741,0.066947,0.05852
NLD,0.00006397,0.000064275,0.000080938,0.000064309,0.000063949,0.000074571,0.000073063,0.000070109,0.00006919,0.000076189,0.000079089,0.000076246,0.000063194,0.000059678,0.000074788,0.000054815,0.000082093,0.000080906,0.000069301,0.000074319
BEN,0.029,0.023798,0.027674,0.021534,0.02474,0.021854,0.021514,0.023708,0.025867,0.024183,0.029904,0.02622,0.024274,0.028149,0.026655,0.035097,0.02566,0.031964,0.032063,0.032224
GRD,0.00014274,0.00014954,0.00018491,0.00012866,0.00013454,0.00013195,0.00015867,0.00013894,0.0001448,0.00016643,0.00014654,0.00016036,0.00013243,0.00012741,0.00012403,0.00012995,0.00013861,0.00015834,0.00013663,0.00015082
VEN,0.11242,0.093762,0.11376,0.098058,0.086234,0.099829,0.1092,0.10633,0.0952,0.09872,0.098221,0.10349,0.085187,0.079719,0.096482,0.10003,0.11545,0.12562,0.11373,0.11253
SOM,0.046008,0.036864,0.046079,0.039829,0.037534,0.056359,0.056812,0.049928,0.036538,0.036214,0.032198,0.033683,0.035295,0.031045,0.037603,0.041378,0.041493,0.035205,0.046899,0.036927
TTO,0.0020077,0.0018295,0.0020142,0.0011931,0.001567,0.0015656,0.0017884,0.0013453,0.0018014,0.0011569,0.0012394,0.001393,0.0010466,0.0010186,0.0010235,0.0013738,0.0013421,0.0014208,0.0014372,0.0017502
CRI,0.0031544,0.0030256,0.0027479,0.0029938,0.0031267,0.0026691,0.0030478,0.0027752,0.0031195,0.003246,0.0027836,0.0028147,0.0029599,0.0026995,0.0026371,0.0033313,0.0027357,0.002679,0.0029828,0.0027169
GHA,0.051218,0.040722,0.048359,0.037058,0.044103,0.038982,0.037884,0.043158,0.045666,0.043821,0.05557,0.049206,0.044997,0.052428,0.051263,0.066346,0.050086,0.061967,0.064308,0.06291
TGO,0.017711,0.013907,0.0166,0.012647,0.015041,0.01321,0.012747,0.014506,0.015372,0.014581,0.018377,0.016181,0.014666,0.017046,0.016559,0.021283,0.01574,0.0196,0.020169,0.019682
CAF,0.13081,0.11097,0.11962,0.094516,0.11096,0.11785,0.11327,0.10436,0.12976,0.11467,0.1121,0.11942,0.12148,0.13508,0.10554,0.16962,0.12887,0.12959,0.12838,0.11935
CIV,0.049438,0.042836,0.051038,0.039942,0.050695,0.045194,0.040223,0.046729,0.042522,0.041619,0.056758,0.045931,0.041231,0.04768,0.043314,0.061451,0.051283,0.057413,0.057372,0.058984
SLE,0.0083698,0.0082786,0.0092112,0.012462,0.0089199,0.0092864,0.0082802,0.0093947,0.007935,0.0083683,0.009993,0.008778,0.0084366,0.010365,0.011711,0.011562,0.010162,0.01285,0.013942,0.01358
LKA,0.015644,0.013735,0.013053,0.014876,0.016084,0.016852,0.01622,0.014764,0.016215,0.016576,0.014681,0.016791,0.016006,0.015824,0.014804,0.017274,0.016764,0.018305,0.019363,0.019165
PAN,0.0054379,0.0047307,0.0054848,0.0051523,0.0048237,0.004603,0.0048517,0.0050374,0.0047589,0.0051458,0.0049269,0.0046226,0.0047047,0.0044894,0.0044206,0.0047452,0.0042455,0.0049774,0.0055745,0.0046919
GUY,0.0065093,0.0066606,0.0066166,0.0058777,0.0062513,0.0066851,0.0075902,0.0063578,0.007595,0.0069137,0.0078638,0.0077517,0.0076797,0.0078268,0.0092049,0.010076,0.0097083,0.0087353,0.010543,0.012109
LBR,0.010731,0.010392,0.011649,0.013962,0.01131,0.011399,0.010054,0.011158,0.0095203,0.0097399,0.011702,0.009926,0.0094189,0.011005,0.01174,0.012305,0.010661,0.012725,0.013464,0.013141
MYS,0.04248,0.043132,0.051692,0.051142,0.037291,0.041432,0.051879,0.053046,0.038262,0.044987,0.045851,0.050394,0.037032,0.032829,0.04393,0.039228,0.040441,0.038276,0.075363,0.057645
SUR,0.0066338,0.0068782,0.00629,0.0071697,0.0066053,0.0073691,0.0074627,0.0065422,0.0071373,0.0072147,0.0084988,0.0075217,0.008541,0.0085258,0.0093278,0.010659,0.0091986,0.0075995,0.010241,0.010887
IDN,0.61993,0.57591,0.47603,0.19164,0.20033,0.18308,0.25272,0.32774,0.21165,0.251,0.22269,0.37288,0.19422,0.1708,0.28004,0.15869,0.22009,0.20831,0.25415,0.29377
FRA,0.0029545,0.0030154,0.0028314,0.0031134,0.0029126,0.0029926,0.0030842,0.0028133,0.00311,0.0031538,0.0036161,0.003227,0.0036537,0.0037043,0.0040449,0.0046336,0.0040073,0.0035612,0.0044739,0.0046374
COD,0.32689,0.2941,0.30802,0.32102,0.26302,0.28837,0.38126,0.295,0.29998,0.30296,0.26639,0.27358,0.25127,0.27657,0.23654,0.33954,0.29784,0.27259,0.31066,0.26884
BRA,0.89797,0.73486,0.78968,0.83917,0.66565,0.53155,0.91886,0.75732,0.74352,0.82379,0.57733,0.65633,0.52339,0.82753,0.76235,1.1053,0.7542,0.86385,0.95675,0.91049
BRN,0.00063149,0.00069452,0.00074954,0.00065455,0.00064108,0.00063121,0.00079506,0.00094511,0.00070223,0.00081617,0.00074754,0.0010919,0.00063333,0.00057254,0.00086458,0.00060012,0.00069408,0.00062557,0.00070906,0.00073112
KEN,0.08045,0.069415,0.080944,0.082903,0.055654,0.080234,0.09911,0.088721,0.074485,0.063897,0.061926,0.066752,0.069051,0.062617,0.067981,0.091402,0.084394,0.082794,0.082869,0.071936
UGA,0.047563,0.044696,0.038885,0.045711,0.033904,0.042924,0.04757,0.048984,0.052905,0.043911,0.040228,0.039196,0.043854,0.038913,0.035345,0.065116,0.04393,0.047998,0.050508,0.040126
GNQ,0.0037424,0.0036647,0.0036293,0.0032633,0.0034261,0.0035674,0.0033373,0.003107,0.0033156,0.0030873,0.0031448,0.0030628,0.0028451,0.0029644,0.0032786,0.0036652,0.0034552,0.0033529,0.0035194,0.0034844
COG,0.022287,0.02019,0.021186,0.020002,0.018794,0.02022,0.025685,0.021059,0.021747,0.020961,0.019148,0.021906,0.020284,0.020749,0.019734,0.025573,0.024377,0.02216,0.025192,0.0219
GAB,0.013849,0.013285,0.01282,0.013594,0.013332,0.013032,0.015427,0.012471,0.012678,0.013088,0.012928,0.012779,0.011819,0.012499,0.012073,0.013741,0.014127,0.012896,0.013979,0.013221
STP,0.00081959,0.00084464,0.00081599,0.00076918,0.00077042,0.00082452,0.00084827,0.00075873,0.00075338,0.00077285,0.00078471,0.00073179,0.00070133,0.00072881,0.00075587,0.00073863,0.00077568,0.00070942,0.00076154,0.00071409
ECU,0.016174,0.015935,0.015649,0.016612,0.014148,0.015272,0.012945,0.013569,0.013733,0.014588,0.014103,0.014134,0.014393,0.015073,0.014532,0.016879,0.014158,0.014062,0.013813,0.014654
SGP,0.00016918,0.00016775,0.00020675,0.00020591,0.00014301,0.00016713,0.00020946,0.00019851,0.00013733,0.0001627,0.00017632,0.00017501,0.00013641,0.00012136,0.00015575,0.00014718,0.00015215,0.00014149,0.00034186,0.00024249
PER,0.043243,0.04194,0.040269,0.044416,0.038409,0.041434,0.038625,0.036424,0.040439,0.045336,0.040322,0.041679,0.04221,0.042995,0.040293,0.051281,0.041558,0.041603,0.042783,0.043245
TZA,0.13522,0.11918,0.12226,0.14465,0.10193,0.11,0.16515,0.13251,0.12128,0.11388,0.11467,0.10378,0.10384,0.10486,0.10211,0.13728,0.10716,0.12015,0.11505,0.1134
RWA,0.0043823,0.0036984,0.0042267,0.0049583,0.003625,0.0038559,0.0046269,0.004258,0.003999,0.0042795,0.0038784,0.0034644,0.0034736,0.0038654,0.0035391,0.0047257,0.0039842,0.0038309,0.0044634,0.0040076
PNG,0.023264,0.025185,0.028834,0.015003,0.01445,0.014713,0.016477,0.020404,0.015212,0.019181,0.014344,0.018163,0.012622,0.012702,0.014125,0.014095,0.012958,0.013632,0.013948,0.016534
BDI,0.0045734,0.0038603,0.0044129,0.0051761,0.0037851,0.0040249,0.0048344,0.0044628,0.0042022,0.0045091,0.0040933,0.003664,0.0036808,0.0041076,0.0037664,0.0050394,0.0042593,0.0041014,0.00479,0.0042997
AGO,0.14012,0.12678,0.12951,0.11756,0.10096,0.10791,0.15987,0.11191,0.1159,0.11829,0.095513,0.096439,0.099109,0.10895,0.090068,0.12644,0.11145,0.11174,0.12142,0.10519
SLB,0.001652,0.002001,0.0031268,0.0024563,0.0017004,0.0019073,0.0020552,0.0025056,0.0019347,0.0022321,0.0020089,0.0026192,0.0016999,0.0017801,0.0017389,0.0018305,0.0018002,0.0019873,0.0016261,0.0014924
ZMB,0.10219,0.094582,0.098648,0.084871,0.063271,0.078605,0.11991,0.085665,0.088135,0.080775,0.070348,0.06926,0.072065,0.079117,0.065424,0.094075,0.075167,0.082134,0.089311,0.07763
TLS,0.0012026,0.0011003,0.0012057,0.0011035,0.0010863,0.0011222,0.0011911,0.0012657,0.0012536,0.0011618,0.0010532,0.0012304,0.00103,0.0010431,0.0010224,0.00095327,0.0010001,0.00093318,0.00092881,0.0010439
MWI,0.015674,0.014881,0.014266,0.013844,0.010849,0.011614,0.017812,0.013865,0.014184,0.012855,0.012524,0.012128,0.012406,0.01381,0.012029,0.017438,0.013906,0.015036,0.015926,0.014728
BOL,0.072527,0.064526,0.07074,0.06095,0.060082,0.05097,0.065383,0.06301,0.058466,0.077179,0.05062,0.056742,0.042728,0.066966,0.061073,0.11064,0.064586,0.066752,0.070462,0.073549
AUS,0.30031,0.24411,0.22509,0.18097,0.17335,0.15533,0.19127,0.22213,0.21805,0.20211,0.13616,0.20389,0.1183,0.193,0.18377,0.20174,0.1741,0.19524,0.22131,0.22764
MOZ,0.060228,0.060211,0.053585,0.052314,0.040963,0.046576,0.069081,0.050057,0.055242,0.051227,0.046433,0.047111,0.045619,0.053844,0.050063,0.065969,0.049835,0.053724,0.059573,0.056595
COM,0.0012988,0.0012005,0.0012313,0.0012734,0.0011497,0.0012636,0.0012371,0.001267,0.0013084,0.0011862,0.0013693,0.0012898,0.0011833,0.0011452,0.0012674,0.0013173,0.0012413,0.0012225,0.0012188,0.0013118
MDG,0.029315,0.027711,0.027699,0.026204,0.024688,0.025657,0.032032,0.025808,0.02956,0.025707,0.025945,0.024427,0.022573,0.023039,0.024558,0.028531,0.026542,0.025122,0.029846,0.027215
FRA,0.00043547,0.0003997,0.00041203,0.00042554,0.00038539,0.00042242,0.00041397,0.00042175,0.00043617,0.00039414,0.00045699,0.00043109,0.0003959,0.00038316,0.00042222,0.00044035,0.0004162,0.00040873,0.00040661,0.00043778
WSM,0.00017763,0.00013836,0.00016225,0.00024689,0.00017316,0.00011142,0.00012733,0.00014185,0.00015139,0.00014084,0.00012359,0.00013563,0.00013395,0.00014114,0.00015036,0.00017662,0.000174,0.00013873,0.00011929,0.00016753
VUT,0.0014464,0.0013585,0.0014212,0.0012421,0.0010927,0.0014217,0.0011042,0.0013777,0.0012057,0.00119,0.0010427,0.0011382,0.00088383,0.0010635,0.00098287,0.0008953,0.0008909,0.00098471,0.00086538,0.0011098
USA,0.000087371,0.000068861,0.000085975,0.00013576,0.000092312,0.000061138,0.000075117,0.000089049,0.000087659,0.000085699,0.000078839,0.000076566,0.000078369,0.000088377,0.000089549,0.00010694,0.00010629,0.000077207,0.00007884,0.000090306
ZWE,0.059029,0.049632,0.048909,0.034268,0.025536,0.033772,0.04564,0.041342,0.049035,0.036493,0.029207,0.029238,0.031756,0.03713,0.038487,0.041305,0.030273,0.03912,0.043155,0.034199
FJI,0.00095762,0.00099866,0.0011505,0.0010144,0.00098975,0.0010654,0.00087989,0.00083754,0.00078154,0.00089239,0.00090133,0.00096539,0.00085738,0.00085263,0.00096141,0.00078766,0.00075117,0.0010164,0.00083999,0.0010009
NAM,0.033902,0.031915,0.02678,0.021126,0.021019,0.019552,0.017235,0.017131,0.018754,0.015726,0.016631,0.014722,0.014205,0.014028,0.015977,0.015687,0.013867,0.015309,0.018436,0.015837
CHL,0.016883,0.016184,0.01575,0.015102,0.015802,0.015405,0.016066,0.01483,0.01557,0.015945,0.014922,0.015412,0.015765,0.017568,0.015182,0.01639,0.016852,0.016033,0.018809,0.016803
BWA,0.043695,0.029809,0.028983,0.021565,0.017234,0.019325,0.023703,0.024439,0.028259,0.014765,0.012091,0.014642,0.015871,0.021742,0.02024,0.02152,0.016695,0.021451,0.026076,0.017293
TON,0.00019525,0.00021435,0.0002424,0.00022314,0.00021426,0.00019331,0.00019304,0.00018538,0.0001911,0.00020862,0.00018808,0.00022052,0.00016896,0.00020112,0.0002078,0.00017839,0.00018343,0.000236,0.00019404,0.000231
PRY,0.038845,0.027056,0.030692,0.023241,0.02505,0.019022,0.035535,0.031283,0.029952,0.023458,0.0095369,0.023821,0.018532,0.027583,0.024688,0.035541,0.025805,0.032424,0.035651,0.038635
FRA,0.00099767,0.00099253,0.0011062,0.00081936,0.00083653,0.0010931,0.00098231,0.0010676,0.0008996,0.00084032,0.00079481,0.00074847,0.00072808,0.00088624,0.00091795,0.00080758,0.00080129,0.00086365,0.00083361,0.0009116
MUS,0.000087756,0.000095501,0.000084486,0.000093242,0.000084095,0.000083885,0.000082385,0.000091083,0.000082623,0.000074354,0.000077298,0.000076104,0.000067321,0.000070969,0.000069833,0.000075882,0.000067765,0.000076972,0.000076349,0.000075644
FRA,0.00022409,0.00024387,0.00021574,0.0002381,0.00021474,0.00021421,0.00021038,0.00023259,0.00021098,0.00018987,0.00019738,0.00019434,0.00017191,0.00018123,0.00017832,0.00019377,0.00017304,0.00019655,0.00019496,0.00019316
ARG,0.12078,0.096001,0.087256,0.071752,0.068897,0.059352,0.049965,0.080842,0.079145,0.065372,0.054167,0.06222,0.05409,0.084203,0.074859,0.091686,0.079764,0.090176,0.11082,0.11568
ZAF,0.089475,0.058356,0.054863,0.050354,0.044726,0.045921,0.054408,0.054486,0.065439,0.034112,0.026117,0.042419,0.030174,0.061771,0.045197,0.059576,0.050162,0.060133,0.078649,0.055908
SWZ,0.0010765,0.0011102,0.00091586,0.00081983,0.00072543,0.0009006,0.0011287,0.00095379,0.001019,0.00089116,0.00073691,0.00087623,0.00071645,0.001009,0.0009701,0.0011073,0.00093148,0.0010574,0.0012287,0.0011933
LSO,0.0021128,0.0014695,0.0013918,0.001267,0.001023,0.0011868,0.0012392,0.0012502,0.0014312,0.00095112,0.00075355,0.0010198,0.00087388,0.0013907,0.0010476,0.0014126,0.0011702,0.0014144,0.0018273,0.0015639
URY,0.0070604,0.004889,0.0042946,0.0036519,0.0036196,0.0028964,0.0037567,0.0037746,0.0043312,0.0024789,0.0011108,0.0023994,0.0025752,0.0027367,0.0036659,0.005107,0.0032893,0.0044526,0.0044851,0.0049745
NZL,0.0081236,0.0079035,0.0077732,0.0076432,0.0074189,0.0075789,0.0075623,0.0080415,0.0078609,0.0076679,0.0073618,0.0074343,0.0071929,0.0073793,0.0072032,0.0076603,0.0070822,0.0072418,0.0073956,0.0074241
GBR,0.00046577,0.000487,0.00042863,0.00045886,0.00044233,0.00040783,0.00043847,0.00041859,0.0004273,0.00040799,0.00037719,0.00040246,0.00034081,0.00041882,0.00034602,0.0004147,0.00042503,0.00037843,0.00041368,0.00039601
DNK,0.012249,0.013434,0.011477,0.010301,0.0091583,0.0089669,0.0093715,0.0091742,0.012251,0.010806,0.0086482,0.0099324,0.0080133,0.0066719,0.0067227,0.0086067,0.0073265,0.0057001,0.0059476,0.0098337
DNK,0.012414,0.013612,0.011657,0.010479,0.0093327,0.0091495,0.0095482,0.0093588,0.012446,0.01099,0.0088187,0.010098,0.0081858,0.0068202,0.0068736,0.0087531,0.007506,0.0058755,0.0061124,0.010021
FRA,0.11417,0.11391,0.099009,0.10348,0.067695,0.072532,0.073449,0.060993,0.12286,0.072339,0.087283,0.13342,0.12391,0.094995,0.073024,0.10148,0.077982,0.093819,0.09341,0.091917
EU,0.77382,0.77964,0.71107,0.71802,0.60942,0.65635,0.68344,0.63232,0.79623,0.71555,0.69366,0.86529,0.69394,0.6174,0.56032,0.70015,0.5866,0.63766,0.68748,0.69088
GBR,0.049371,0.045623,0.036398,0.034115,0.035516,0.027709,0.021724,0.02738,0.033599,0.025486,0.028423,0.076514,0.066846,0.031512,-0.0066672,0.0087853,-0.028689,0.040629,0.024546,0.028017
EUC,0.77504,0.781,0.71237,0.71925,0.61069,0.65747,0.68456,0.63346,0.79747,0.71672,0.69482,0.86629,0.69494,0.61845,0.56123,0.70112,0.58768,0.63873,0.6885,0.69204