code,1996,1997,1998,1999,2000,2001,2002,2003,2004,2005,2006,2007,2008,2009,2010,2011,2012,2013,2014,2015,2016,2017
DNK,-0.00021892,-0.00090078,-0.0010761,-0.000041618,-0.0013918,-0.00025432,0.00037932,-0.0017666,-0.0040116,-0.0034345,-0.0025744,-0.00012967,-0.00053821,0.00019774,-0.00023345,-0.0014383,-0.00055324,-0.00077099,-0.001448,-0.0008072,-0.00086438,-0.00010889
CAN,0.20007,0.22045,0.13063,0.20068,0.14562,0.24097,0.18429,0.11801,0.0094939,0.014186,0.14557,0.10867,0.081308,0.072549,0.028157,0.017648,0.13082,0.099848,0.19244,0.091486,0.043624,0.14111
NOR,-0.00036041,-0.00040658,-0.00042164,-0.00038957,-0.00045249,-0.00042558,-0.00041645,-0.00050243,-0.00058257,-0.00057117,-0.00045187,-0.00055568,-0.00057142,-0.0005588,-0.00060408,-0.00046582,-0.00057946,-0.00043943,-0.00046001,-0.00038334,-0.00041433,-0.00034282
RUS,0.35296,0.14316,0.16111,0.037566,-0.037003,0.10435,0.11692,-0.033399,0.037661,-0.053785,0.000087719,-0.040044,0.035016,0.064158,0.20774,0.16094,0.045745,0.10693,0.15691,0.089138,0.061057,0.20616
USA,1.0546,1.1837,1.0454,1.1765,1.07,1.0263,0.96448,0.76726,0.76419,0.66388,0.73475,0.80613,0.82421,0.86446,0.79008,0.75903,0.63767,0.69512,0.68585,0.94566,0.84849,0.61399
NOR,0.0079966,0.0050168,0.0083149,0.0081314,0.0028258,-0.00032716,0.0018132,0.015533,-0.00024933,-0.0096031,0.0032805,-0.0030755,-0.010683,0.0027987,-0.0072823,-0.0073435,-0.011105,0.0056957,0.0079178,0.010366,0.0064982,0.012851
FIN,0.0054305,0.0043974,0.0034213,0.005958,0.001976,0.0036827,0.0040786,0.0068417,-0.00099415,-0.011228,0.0037503,-0.002088,-0.013565,-0.0030859,-0.01357,-0.0048848,-0.01285,-0.00044819,0.0075045,0.0068126,0.0042991,0.006979
SWE,0.012978,0.010066,0.013908,0.013448,0.0056138,0.0017713,0.0055175,0.031124,-0.0004927,0.00040514,0.03561,0.015657,-0.0040951,0.017548,-0.0000036534,-0.00060961,-0.011597,0.016724,0.023696,0.029012,0.023687,0.032339
ISL,0.000079772,-0.00023724,0.00015278,0.00024761,-0.00089805,-0.0012365,-0.0005579,-0.00060227,-0.0011063,-0.00058216,-0.0015718,-0.00019805,0.00023381,0.00015276,-0.000067264,-0.0000039915,0.00032296,0.00034673,0.00028904,0.0002839,-0.00016024,0.00068106
DNK,0.000092509,0.000010739,0.00014515,0.00017204,-0.00014426,-0.00029351,-0.000083033,-0.000066044,-0.00016753,-0.000075366,-0.00049507,0.000032179,0.00016937,0.00013406,0.000067659,0.00010301,0.00015504,0.00017215,0.00018851,0.00019647,0.000062632,0.00028746
GBR,0.056575,0.048621,0.058352,0.04127,0.051373,0.055119,0.050005,0.045339,0.050361,0.060093,0.028102,0.051391,0.042795,0.039059,0.042374,0.039994,0.038174,0.048409,0.052971,0.05407,0.043616,0.063837
EST,0.0025475,0.0023219,0.0022959,0.0034793,0.0012498,0.0018639,0.0033544,0.0022265,0.001711,-0.000030282,0.0053064,0.0029437,-0.0014301,0.0029407,-0.0006274,-0.00014987,-0.0025836,0.00050875,0.0042766,0.0039894,0.0027007,0.0037833
LVA,0.0026219,0.0028221,0.0038987,0.0051956,0.0017853,0.0022515,0.0052936,0.0055788,0.003188,0.0038331,0.01215,0.0086277,0.002474,0.0076094,0.0030127,0.0014737,-0.00062314,0.0024613,0.0066844,0.0074381,0.0058942,0.0068953
DNK,0.010142,0.010679,0.0085967,0.01028,0.0094918,0.0088591,0.0093726,0.01162,0.0086065,0.012332,0.011061,0.010656,0.010638,0.0097296,0.010494,0.0091173,0.0083405,0.010678,0.010595,0.0095473,0.01015,0.010071
LTU,0.004091,0.0048618,0.0075096,0.0084765,0.0046587,0.0046769,0.0087686,0.013281,0.0065612,0.010501,0.022125,0.016997,0.0092738,0.013577,0.0089732,0.0099239,0.0089045,0.011877,0.015591,0.018087,0.017055,0.018161
BLR,0.012685,0.015112,0.022137,0.026704,0.016897,0.019379,0.026471,0.031266,0.027109,0.031235,0.048598,0.043656,0.02418,0.034564,0.029371,0.047976,0.046519,0.048139,0.057629,0.059314,0.056401,0.059576
IRL,0.0014008,-0.0017223,0.0043257,0.0070896,0.015463,0.0092674,0.01325,0.0055894,0.010835,0.016126,0.012786,0.016437,0.012458,0.0081824,0.0082626,0.0087168,0.012153,0.013521,0.011624,0.013347,0.00715,0.013843
KAZ,0.044255,0.039098,0.044192,0.031653,0.040698,0.045581,0.034767,0.14608,0.036165,0.035522,0.04358,0.051944,0.045992,0.018143,0.063107,0.051637,0.054754,0.062443,0.050698,0.050215,0.036391,0.047233
DEU,0.11016,0.10279,0.10402,0.097232,0.13955,0.17283,0.14118,0.20334,0.12806,0.1608,0.13667,0.098364,0.071785,0.13858,0.145,0.11206,0.11358,0.12134,0.088637,0.14529,0.16842,0.19727
POL,0.031733,0.04169,0.07133,0.067352,0.06254,0.05774,0.066398,0.12897,0.053454,0.08894,0.12081,0.08652,0.068733,0.071122,0.08995,0.061452,0.068587,0.068656,0.053441,0.093146,0.099459,0.11476
NLD,0.030031,0.028779,0.025432,0.026659,0.025185,0.025404,0.024911,0.03124,0.030397,0.03155,0.024594,0.032085,0.016439,0.018558,0.018835,0.016924,0.02235,0.023104,0.024913,0.02664,0.026942,0.029536
CHN,0.73905,0.63791,0.78703,0.52862,0.78102,0.9047,0.89859,0.85697,1.0701,1.1828,1.4155,1.4732,1.4918,1.309,1.7023,1.5228,1.5249,1.6713,1.5043,1.6101,1.6372,1.5778
UKR,0.061601,0.088226,0.10838,0.11598,0.10062,0.092203,0.10294,0.1695,0.14847,0.14824,0.14967,0.12239,0.10782,0.10286,0.13633,0.10652,0.098631,0.098514,0.09176,0.10896,0.097961,0.1079
MNG,0.0066865,-0.0021224,0.0070638,-0.014181,0.0066748,0.016102,0.015401,0.0018461,0.010488,0.0013577,0.010411,0.011237,0.007054,0.0071351,0.014964,0.0040639,0.0027266,0.0023505,0.0080601,0.010079,0.0088102,0.0021945
BEL,0.020582,0.018995,0.017545,0.017706,0.022356,0.030768,0.023086,0.023196,0.022516,0.026098,0.020527,0.022367,0.015825,0.016054,0.015214,0.016723,0.016149,0.019387,0.020066,0.022465,0.022847,0.027198
FRA,0.11644,0.11759,0.12933,0.12666,0.19269,0.32367,0.20991,0.20628,0.16847,0.16084,0.15015,0.1343,0.12566,0.15038,0.12748,0.13272,0.14618,0.20697,0.20663,0.18299,0.19495,0.2202
CZE,0.0095869,0.011883,0.020731,0.018879,0.022682,0.022004,0.022358,0.04487,0.018042,0.024341,0.024865,0.018778,0.018097,0.026075,0.025912,0.021697,0.025049,0.023916,0.012718,0.027038,0.032143,0.035379
LUX,0.0030047,0.0026455,0.00090366,0.00068358,0.0013109,0.0018589,0.0013235,0.0014943,0.0012973,0.0016269,0.0012619,0.0010325,0.00067354,0.0012672,0.0011919,0.00095175,0.00094822,0.00096456,0.00075343,0.001179,0.0013459,0.001663
SVK,0.003873,0.0059262,0.01074,0.010516,0.010122,0.0080606,0.015503,0.024736,0.012396,0.013173,0.014393,0.012746,0.013102,0.012108,0.013629,0.010969,0.013911,0.011383,0.0055357,0.012936,0.014013,0.01609
AUT,0.013479,0.015378,0.024982,0.02218,0.027641,0.026108,0.025021,0.032175,0.022346,0.024481,0.025463,0.017333,0.017559,0.029907,0.025425,0.025834,0.030137,0.026387,0.011625,0.025493,0.032523,0.035609
HUN,0.0097926,0.014098,0.022872,0.023204,0.021719,0.014947,0.020113,0.035699,0.020933,0.02387,0.026218,0.020292,0.022258,0.024655,0.026575,0.020316,0.026794,0.021553,0.0083718,0.022519,0.024078,0.028567
MDA,0.0032437,0.0058578,0.0074657,0.0082677,0.0066912,0.0053634,0.0057237,0.011936,0.0099849,0.010327,0.010804,0.0067945,0.006782,0.0056325,0.008099,0.005674,0.0055259,0.004864,0.0044231,0.0063653,0.0046615,0.006108
ROU,0.030503,0.046829,0.062626,0.060857,0.051203,0.039354,0.035427,0.076174,0.055797,0.058697,0.069172,0.046262,0.051398,0.045736,0.055427,0.038526,0.046974,0.037274,0.027566,0.047677,0.041771,0.050325
CHE,0.0035194,0.0033599,0.0082691,0.0071766,0.014504,0.022417,0.017178,0.014525,0.013392,0.014932,0.015917,0.0071601,0.0024067,0.01991,0.014006,0.01174,0.017557,0.01473,0.011943,0.011731,0.015203,0.01805
LIE,0.000012447,0.000013968,0.000029917,0.000025678,0.000039141,0.000042888,0.000040606,0.000019572,0.000029261,0.000029869,0.000027558,0.000013754,0.00001271,0.000050911,0.000025399,0.000031499,0.00004636,0.000035535,0.000012209,0.000026095,0.000042959,0.000047293
FRA,0.00007586,0.000079417,0.00008112,0.000090247,0.00007173,0.000079182,0.000076105,0.000090872,0.000071306,0.000086611,0.00008661,0.000086058,0.000091828,0.00008962,0.000077141,0.000068537,0.000093221,0.00010507,0.00010806,0.000085264,0.000073352,0.000098419
ITA,0.050653,0.055809,0.086043,0.077388,0.096392,0.090166,0.092856,0.042791,0.083932,0.0772,0.073732,0.044698,0.05553,0.13578,0.060179,0.070917,0.10161,0.084631,0.039444,0.048176,0.073488,0.073313
SVN,0.0041893,0.004884,0.0073209,0.0063444,0.0075615,0.0054682,0.0057696,0.0046753,0.0060918,0.0060319,0.0065459,0.0044544,0.0047599,0.0072257,0.0054667,0.0056014,0.0069503,0.0055578,0.0017094,0.0050256,0.0067131,0.0073582
HRV,0.0082648,0.011727,0.019641,0.016817,0.019016,0.010472,0.012905,0.0042198,0.014036,0.014025,0.015756,0.011777,0.016141,0.026913,0.015766,0.015946,0.021888,0.015437,0.003261,0.01302,0.017443,0.02011
SRB,0.014525,0.021286,0.030911,0.027887,0.024092,0.014428,0.014359,0.016022,0.023571,0.025378,0.025896,0.019749,0.025921,0.032021,0.0257,0.019598,0.028513,0.020509,0.0088508,0.022162,0.022839,0.025873
UZB,0.014542,0.020937,0.024844,0.019926,0.023214,0.029022,0.019934,0.038515,0.024935,0.024587,0.030032,0.031586,0.033396,0.015444,0.035328,0.029542,0.030268,0.033559,0.029921,0.034025,0.028242,0.029469
JPN,0.066583,0.072861,0.059763,0.041481,0.032745,0.035244,0.047,0.040798,0.047857,0.056618,0.052707,0.05354,0.052814,0.053606,0.06393,0.054448,0.052902,0.049845,0.049838,0.053444,0.052315,0.055515
BIH,0.0064408,0.010014,0.015623,0.013371,0.013425,0.006563,0.0079772,0.0035215,0.011116,0.012449,0.012901,0.0099314,0.013024,0.022322,0.014272,0.011858,0.017838,0.011685,0.0026534,0.010287,0.012348,0.014488
BGR,0.015231,0.024819,0.033895,0.030242,0.024686,0.020959,0.017579,0.021265,0.031462,0.02769,0.03135,0.018504,0.024669,0.022265,0.023622,0.016061,0.021456,0.018099,0.015653,0.023131,0.020292,0.023817
ESP,0.056076,0.066592,0.069355,0.089446,0.081289,0.11212,0.089016,0.092397,0.0697,0.081299,0.058287,0.057496,0.098307,0.064349,0.085338,0.069602,0.1016,0.098649,0.102,0.076686,0.087131,0.042811
GEO,0.0038824,0.0044156,0.0051723,0.0051011,0.0050448,0.0057559,0.0063113,0.0069325,0.0085653,0.0086824,0.0059495,0.0047943,0.0054429,0.0027241,0.0080993,0.007182,0.0048681,0.0057944,0.0061039,0.0072673,0.0055084,0.0064805
KGZ,0.0042257,0.0065842,0.0087309,0.0082351,0.0090273,0.009389,0.0074591,0.0014037,0.0060338,0.0093425,0.013384,0.013951,0.011553,0.0049604,0.011066,0.0076451,0.0085484,0.010475,0.0092886,0.010484,0.0081551,0.0079787
PRK,0.0049372,0.0036704,-0.00018968,0.0016454,-0.006419,-0.0014966,0.0027628,-0.0049955,-0.0032105,0.0070255,0.0028146,0.0032366,0.0056122,0.0053438,0.010104,0.008005,0.0029322,0.0034411,0.0092081,0.0080607,0.0059208,0.0049906
AND,0.000029391,0.00004246,0.000054782,0.000066344,0.000097448,0.00018739,0.00012027,0.00010248,0.000084159,0.000061076,0.000059718,0.000049353,0.000090768,0.000096215,0.00008463,0.000070262,0.00011854,0.0001352,0.00013912,0.000090304,0.00011291,0.000061748
ALB,0.0042288,0.0049488,0.007062,0.0067267,0.0056625,0.0042769,0.004536,0.004535,0.0056085,0.0056092,0.0055773,0.0056381,0.0061406,0.0076716,0.0057418,0.0050944,0.0068434,0.0055804,0.0035937,0.0051703,0.0052755,0.0053827
TKM,0.015861,0.023359,0.026405,0.02082,0.023921,0.031376,0.021979,0.034932,0.027825,0.023127,0.028709,0.028112,0.032413,0.018361,0.035437,0.029997,0.032803,0.036275,0.032648,0.037263,0.031076,0.03185
MKD,0.0037834,0.0052174,0.0074047,0.0064766,0.0052845,0.0037982,0.003401,0.0023109,0.0055954,0.0049466,0.0053238,0.0038768,0.0051763,0.0052967,0.0037113,0.0029333,0.0038077,0.0030455,0.0017079,0.0038154,0.0034768,0.0038464
TUR,0.077378,0.10356,0.1177,0.1148,0.096416,0.11223,0.11559,0.085088,0.1529,0.13171,0.14233,0.088403,0.11615,0.091574,0.13555,0.1136,0.12352,0.1444,0.13755,0.16827,0.15448,0.1603
PRT,0.018795,0.019325,0.020361,0.022732,0.019656,0.022454,0.019444,0.023469,0.020232,0.020319,0.017258,0.017931,0.023166,0.015462,0.024167,0.020818,0.024751,0.024925,0.02274,0.018695,0.020628,0.0147
AZE,0.0052129,0.0068136,0.008485,0.0076327,0.0076095,0.0107,0.010183,0.015984,0.01285,0.01263,0.01012,0.0085897,0.0094534,0.0046867,0.012755,0.011423,0.0092038,0.011949,0.011973,0.013523,0.010591,0.012031
GRC,0.021473,0.026359,0.034948,0.034182,0.02722,0.022974,0.023744,0.016647,0.032137,0.028914,0.030752,0.023563,0.030078,0.032585,0.024811,0.022115,0.029582,0.026948,0.021978,0.028788,0.026605,0.029908
ARM,0.0025132,0.0028756,0.0031697,0.003256,0.0031432,0.0033971,0.0035614,0.0040405,0.0043073,0.0042727,0.0038565,0.003467,0.0037875,0.0022932,0.004424,0.0042104,0.0034373,0.0041801,0.0044265,0.0047591,0.0037647,0.0041793
TJK,0.0037295,0.0065446,0.0090014,0.0071359,0.0076682,0.010002,0.0069461,0.0048473,0.0085828,0.0088212,0.011735,0.011138,0.010851,0.0046377,0.011702,0.0075574,0.0088029,0.010935,0.0089055,0.010971,0.0089288,0.0083961
IRN,0.091802,0.12244,0.16096,0.12485,0.14239,0.18636,0.14923,0.18825,0.20726,0.18155,0.1955,0.18244,0.19567,0.11609,0.20646,0.16831,0.17614,0.20509,0.18001,0.2079,0.18814,0.19062
KOR,0.030863,0.034875,0.033206,0.026098,0.025739,0.031167,0.016818,0.011468,0.01363,0.021554,0.018847,0.015376,0.017331,0.015609,0.01937,0.017993,0.017078,0.017633,0.020678,0.021503,0.019816,0.01568
AFG,0.027048,0.041288,0.053002,0.039823,0.04731,0.063785,0.047452,0.048197,0.056632,0.048277,0.054681,0.050256,0.058603,0.034835,0.067813,0.045114,0.051165,0.063201,0.053409,0.064968,0.056249,0.053076
TUN,0.0071704,0.010086,0.010966,0.010693,0.010236,0.0059103,0.010969,0.0071838,0.008646,0.01043,0.0074504,0.0066096,0.013459,0.01856,0.0099156,0.0040628,0.010153,0.013195,0.011993,0.0097066,0.01239,0.0052941
IRQ,0.036835,0.046908,0.04931,0.048223,0.050625,0.06286,0.057702,0.063157,0.057413,0.05362,0.06124,0.048351,0.061086,0.039148,0.07325,0.057988,0.057123,0.07128,0.062539,0.07459,0.071047,0.066925
SYR,0.013013,0.016045,0.014272,0.017149,0.014948,0.019799,0.02033,0.01853,0.019864,0.017316,0.021279,0.014029,0.020699,0.012285,0.027161,0.020135,0.016953,0.024807,0.021907,0.028026,0.027363,0.02514
DZA,0.02396,0.046261,0.04465,0.056412,0.042324,0.013145,0.036566,0.034371,0.032705,0.043936,0.031212,0.039205,0.076254,0.06946,0.04056,0.0033171,0.061424,0.056974,0.060202,0.041041,0.063989,0.018115
PAK,0.11789,0.15712,0.1912,0.16188,0.1838,0.22321,0.18108,0.18182,0.20631,0.19174,0.21809,0.19303,0.21553,0.15493,0.26293,0.18575,0.18172,0.23279,0.20552,0.24689,0.22851,0.2057
MLT,0.00034926,0.00038042,0.00042334,0.00040575,0.00040476,0.00033945,0.0003803,0.00031111,0.00045238,0.00042252,0.00015131,0.00022277,0.00033689,0.00033102,0.00036771,0.00033308,0.00023947,0.00025609,0.00039492,0.00035909,0.00037093,0.0003535
MAR,0.0283,0.039041,0.038778,0.054084,0.047547,0.034923,0.03976,0.035285,0.035174,0.045957,0.031798,0.045586,0.067356,0.03676,0.041679,0.022029,0.056879,0.047136,0.05906,0.039508,0.068091,0.031286
CYP,0.0034551,0.0077279,0.0036825,0.0057889,0.0047429,0.0042676,0.0050584,0.0042506,0.004531,0.0049696,0.0044952,0.0043744,0.0059574,0.0049191,0.0051762,0.005106,0.0052546,0.0056059,0.0057639,0.0040601,0.0040778,0.0040909
IND,0.6592,0.71894,0.9035,0.71355,0.82098,0.96214,0.84769,0.91382,0.97067,0.90464,1.0066,0.9085,0.96729,0.7933,1.1053,0.8796,0.9421,1.0402,0.89537,1.1061,1.0808,0.97433
LBN,0.0021015,0.0023438,0.0022631,0.0029971,0.0026444,0.0026159,0.0025516,0.0026918,0.0026251,0.0024837,0.0026561,0.0023071,0.0028466,0.0023149,0.0030383,0.0025702,0.002275,0.0027808,0.0024583,0.0027299,0.0027853,0.0027617
JOR,0.0020705,0.0027131,0.00093059,0.001641,0.00045158,0.0012867,0.0024297,0.0018249,0.0018548,0.00085065,0.002912,0.00035504,0.0015711,-0.00052731,0.0049677,0.0023141,0.00045979,0.0044523,0.0036528,0.0060465,0.0061492,0.0037122
ISR,0.0063486,0.006352,0.005338,0.0074415,0.0063041,0.005565,0.0064163,0.0061373,0.0060576,0.0050985,0.0066524,0.0057824,0.0068846,0.0056057,0.009001,0.0069021,0.0054006,0.0079263,0.0070554,0.008385,0.0087879,0.0075408
LBY,0.0066368,0.010953,0.010524,0.01271,0.0095276,0.0055943,0.0098053,0.0045946,0.010192,0.0097195,0.0095253,0.0076087,0.013137,0.013683,0.011489,0.005851,0.0080487,0.011341,0.011635,0.012095,0.015501,0.011861
MEX,0.35889,0.45318,0.55287,0.49095,0.46004,0.50148,0.46529,0.38465,0.48565,0.37654,0.44413,0.44708,0.46537,0.38076,0.45846,0.42981,0.44771,0.51544,0.45521,0.48495,0.43668,0.44216
SAU,0.012173,0.014868,0.01516,0.01371,0.012478,0.017325,0.01749,0.019466,0.01833,0.016336,0.020247,0.015094,0.01783,0.011524,0.024757,0.017544,0.017327,0.026901,0.021734,0.02624,0.025824,0.023867
EGY,0.035813,0.036605,0.02777,0.031487,0.0276,0.022151,0.029765,0.018485,0.031304,0.022534,0.034487,0.022753,0.037657,0.024151,0.053237,0.036928,0.030929,0.050024,0.041896,0.060338,0.064788,0.049419
NPL,0.014248,0.019854,0.026305,0.018881,0.0209,0.029748,0.023523,0.021625,0.02832,0.022251,0.028258,0.024224,0.026106,0.016884,0.030778,0.021193,0.025308,0.028282,0.021411,0.029959,0.026631,0.023102
KWT,0.0035675,0.0025086,0.0031342,0.0023451,0.0025233,0.0026539,0.0035105,0.002608,0.0030212,0.0031278,0.0026625,0.0029969,0.0035127,0.0033347,0.0040982,0.0040027,0.0038141,0.0037612,0.0037016,0.003555,0.003713,0.0038246
MMR,0.078293,0.090571,0.12778,0.08818,0.10275,0.13112,0.10644,0.11935,0.14329,0.11526,0.14556,0.13782,0.12718,0.10795,0.15579,0.1138,0.13028,0.13532,0.12635,0.1471,0.13852,0.12523
BTN,0.0021728,0.0029579,0.0040674,0.0031455,0.0032646,0.0049738,0.0037638,0.0033683,0.0046126,0.0035483,0.0048971,0.0042031,0.004332,0.0027401,0.0049882,0.0036798,0.0041485,0.004766,0.004061,0.0048579,0.0045047,0.0039723
ESH,0.0027447,0.0035142,0.0030676,0.003709,0.003224,0.0027601,0.0027025,0.0029829,0.0034916,0.0029575,0.0029595,0.0031545,0.0030971,0.0025454,0.002739,0.0019537,0.0029624,0.0030582,0.0034901,0.0035662,0.0034737,0.0034389
MRT,0.014128,0.034243,0.018159,0.034697,0.018186,-0.0015099,0.0030831,0.011244,0.025796,0.006754,0.014549,0.020723,0.0058069,-0.0086084,-0.0000058302,-0.024393,0.0013918,0.0028801,0.013082,0.0226,0.021235,0.027883
BHS,0.0015731,0.0019684,0.0021105,0.0021353,0.0020338,0.0021854,0.0020162,0.0019045,0.002033,0.0018812,0.0018693,0.0018466,0.0019005,0.0016182,0.0017894,0.0016113,0.0016367,0.0021737,0.0021012,0.0023231,0.0021203,0.0020071
BGD,0.027767,0.02876,0.037653,0.036342,0.03483,0.042628,0.034239,0.035637,0.044467,0.039621,0.049979,0.042252,0.039917,0.040192,0.048673,0.035935,0.039325,0.042128,0.03911,0.043004,0.042692,0.039276
OMN,0.0060895,0.0063633,0.0067655,0.0060813,0.0063697,0.0069378,0.0066044,0.0065609,0.0068397,0.00708,0.0072146,0.0070057,0.0070903,0.0064166,0.0073857,0.006791,0.007266,0.0078191,0.0069558,0.0070819,0.0070512,0.0072313
BHR,0.00002149,0.000031167,0.000038293,0.000030747,0.000030437,0.000041294,0.000034377,0.000039898,0.000043463,0.000037745,0.000043939,0.000036876,0.000043843,0.000032911,0.000051685,0.000040421,0.00004678,0.0000542,0.000045962,0.00005145,0.000049812,0.000051504
QAT,0.0025529,0.0023952,0.0032349,0.0028562,0.0027564,0.0030938,0.0027538,0.0024426,0.0024197,0.0035911,0.0035938,0.0035002,0.0038102,0.0038076,0.0040822,0.0041515,0.0041808,0.004131,0.0041154,0.0041203,0.0041301,0.0041653
ARE,0.0019086,0.0021482,0.0033249,0.0024966,0.0024021,0.0030749,0.0024917,0.0022789,0.0023565,0.0032415,0.0032321,0.0026914,0.0030195,0.0027064,0.0034056,0.0031658,0.0033409,0.0036269,0.0031445,0.0031092,0.0031215,0.0032398
CHN,0.0024349,0.0028515,0.002366,0.0023155,0.0032774,0.0037463,0.0039198,0.0044548,0.0046383,0.0050819,0.0055326,0.005265,0.0050475,0.0053012,0.0053901,0.0052961,0.0049262,0.0050221,0.0049554,0.0050919,0.0050549,0.0049037
MLI,0.063092,0.10627,0.083073,0.11307,0.066399,0.03965,0.034921,0.068444,0.10235,0.061543,0.073246,0.080606,0.05335,0.015401,0.045864,-0.023249,0.044476,0.04951,0.069702,0.089319,0.096112,0.10629
NER,0.054869,0.095098,0.07645,0.1085,0.062464,0.043539,0.037773,0.058072,0.082864,0.054985,0.064172,0.054779,0.05182,0.015605,0.04152,-0.013107,0.038981,0.056024,0.0556,0.075418,0.078225,0.078197
TCD,0.10348,0.14707,0.13023,0.16147,0.13669,0.099482,0.10465,0.13323,0.14926,0.11016,0.12404,0.1105,0.11836,0.079648,0.12199,0.05646,0.096867,0.14905,0.12395,0.15012,0.13839,0.15121
VNM,0.026037,0.035185,0.045674,0.024516,0.03968,0.052918,0.045938,0.056256,0.059149,0.055099,0.074249,0.063244,0.06198,0.061121,0.087815,0.065736,0.074146,0.081999,0.072132,0.088671,0.08782,0.07205
CUB,0.01818,0.020346,0.019662,0.016372,0.016248,0.017077,0.01705,0.017515,0.018166,0.01517,0.017138,0.015991,0.017832,0.018088,0.014475,0.014431,0.015405,0.015112,0.016476,0.017268,0.017099,0.015663
SDN,0.27962,0.34559,0.33546,0.35873,0.3107,0.29628,0.28802,0.33234,0.3318,0.3067,0.34262,0.31969,0.34228,0.2558,0.4122,0.22714,0.31349,0.44299,0.32779,0.37963,0.38059,0.39209
LAO,0.014195,0.02034,0.031868,0.014705,0.024164,0.032377,0.026334,0.032313,0.037148,0.033486,0.044789,0.039326,0.035572,0.032597,0.05595,0.034732,0.041136,0.047821,0.040595,0.051648,0.049817,0.039065
CHN,0.00027133,0.00024824,0.00029912,0.00028783,0.00029554,0.00030985,0.00032425,0.00036719,0.00037808,0.00039258,0.00043002,0.00048118,0.00045074,0.00048623,0.00048291,0.00049359,0.00050625,0.00048529,0.00049513,0.00050953,0.00048815,0.00046802
GBR,0.00025458,0.0003653,0.00035423,0.00039834,0.00034303,0.00034809,0.00032548,0.00033215,0.00037101,0.00030652,0.00030496,0.00029955,0.00029517,0.00025937,0.00029102,0.00023229,0.00024602,0.00037681,0.00036574,0.0003983,0.00037089,0.00035414
THA,0.067422,0.07766,0.10307,0.073517,0.085723,0.10378,0.094292,0.10624,0.12116,0.1098,0.12511,0.12019,0.108,0.10261,0.13871,0.10579,0.11486,0.12937,0.11628,0.13973,0.13938,0.11778
HTI,0.0026467,0.0031003,0.0029607,0.0030804,0.0029284,0.0032505,0.0032671,0.0031822,0.0034792,0.0030847,0.0030393,0.0026544,0.0028979,0.0029077,0.0028499,0.0027407,0.0029684,0.0032587,0.003597,0.0036328,0.0032896,0.0030305
DOM,0.0028224,0.0037113,0.0032051,0.0036672,0.0033445,0.0034981,0.003542,0.0033593,0.0037198,0.0034471,0.0031719,0.0029253,0.0030356,0.0029705,0.0030973,0.0027525,0.0030342,0.0038349,0.0042775,0.004516,0.0038003,0.0035867
PHL,0.020611,0.026954,0.022256,0.017063,0.022104,0.026801,0.027673,0.026008,0.02885,0.029546,0.032978,0.02921,0.026562,0.027121,0.032593,0.027011,0.026709,0.029391,0.028989,0.032442,0.031927,0.026677
YEM,0.011555,0.012069,0.012536,0.011651,0.011482,0.011019,0.012417,0.012299,0.012273,0.010627,0.011639,0.011753,0.011578,0.010604,0.01264,0.010497,0.01041,0.011783,0.010896,0.011725,0.01162,0.011329
JAM,0.0015288,0.0019886,0.0018479,0.0018263,0.0019036,0.0020243,0.0020882,0.0018898,0.0021453,0.0019232,0.0020513,0.0018892,0.001896,0.0019139,0.001675,0.0016535,0.0017173,0.0019183,0.0019409,0.0020538,0.001932,0.0017683
BLZ,0.0015947,0.0022801,0.0031947,0.0022144,0.0022822,0.0027109,0.0022337,0.002487,0.0027324,0.0021722,0.0021671,0.0019141,0.0023694,0.001361,0.0021325,0.00199,0.0018642,0.0022619,0.0019971,0.0022326,0.0022812,0.0018674
USA,0.00067031,0.00093435,0.00066842,0.00081538,0.00073713,0.00068136,0.00068419,0.00062916,0.00066997,0.00052104,0.00048427,0.00052156,0.00047263,0.00044269,0.00045416,0.00030106,0.00038671,0.00059533,0.00063263,0.00069623,0.00060438,0.00058011
KHM,0.022516,0.02985,0.036367,0.023438,0.029392,0.036828,0.033036,0.040602,0.045242,0.037046,0.046337,0.039848,0.036145,0.034337,0.05165,0.03964,0.041156,0.04783,0.04211,0.050374,0.044751,0.039777
GBR,0.000037387,0.000076816,0.000058695,0.000083689,0.000059286,0.000050888,0.000050514,0.000056616,0.000073356,0.000046362,0.000044238,0.000044731,0.000037237,0.000038705,0.000043122,0.000021646,0.000026023,0.000069997,0.000068758,0.000074734,0.000070802,0.000068885
NLD,0.00051506,0.0007466,0.00063859,0.00078704,0.0006337,0.00057656,0.00057869,0.0006115,0.00071159,0.0005443,0.00053003,0.00053847,0.00050215,0.00051325,0.00053532,0.00039934,0.00042352,0.00068851,0.00067048,0.00071615,0.00069556,0.00068378
ERI,0.010177,0.01423,0.014144,0.012709,0.011717,0.011471,0.010795,0.01252,0.013705,0.010674,0.01303,0.011312,0.012013,0.0087042,0.016493,0.0091977,0.012353,0.017895,0.012625,0.014518,0.014098,0.014489
GTM,0.01103,0.015606,0.02114,0.015357,0.016382,0.016936,0.016178,0.017539,0.017876,0.015983,0.015329,0.01413,0.01511,0.012288,0.01589,0.013948,0.013283,0.016174,0.014102,0.017238,0.016193,0.014358
USA,0.000099698,0.00020484,0.00015652,0.00022317,0.0001581,0.0001357,0.0001347,0.00015098,0.00019562,0.00012363,0.00011797,0.00011928,0.0000993,0.00010321,0.00011499,0.000057723,0.000069395,0.00018666,0.00018335,0.00019929,0.00018881,0.00018369
ATG,0.00046979,0.0010724,0.00076326,0.0011473,0.00077976,0.0006254,0.00063279,0.00072761,0.0009836,0.00056422,0.00053151,0.00053859,0.00040843,0.00046396,0.00050497,0.00019106,0.0002513,0.00088145,0.00087492,0.0009487,0.00089927,0.00087769
KNA,0.000087236,0.00017924,0.00013696,0.00019528,0.00013833,0.00011874,0.00011787,0.0001321,0.00017116,0.00010818,0.00010322,0.00010437,0.000086887,0.000090313,0.00010062,0.000050508,0.00006072,0.00016333,0.00016043,0.00017438,0.0001652,0.00016073
CPV,0.0054059,0.0067308,0.0061221,0.0065168,0.0059248,0.0056672,0.0054322,0.0058958,0.0066935,0.0053814,0.0056924,0.0056633,0.0055517,0.0053168,0.0058873,0.0047667,0.0052232,0.0064575,0.006282,0.0066931,0.006297,0.006289
GBR,0.00043124,0.00088138,0.0006627,0.00096989,0.00071553,0.00061477,0.00061885,0.00068318,0.00087847,0.00055158,0.00050962,0.00053935,0.0004499,0.00048673,0.00054487,0.00029727,0.00034288,0.00083473,0.0008185,0.00088926,0.00085113,0.00083282
SEN,0.044898,0.05776,0.05403,0.058856,0.046988,0.031899,0.039892,0.063912,0.053113,0.046578,0.042945,0.053985,0.041035,0.036178,0.039993,0.021402,0.037111,0.040708,0.041206,0.053308,0.052408,0.05244
FRA,0.00029921,0.00072451,0.00048689,0.00076851,0.00050259,0.00037655,0.00039365,0.00045686,0.00064092,0.00033711,0.00031269,0.00032924,0.00023193,0.00029531,0.00030833,0.000081497,0.00012072,0.00056957,0.00056411,0.00062022,0.00059103,0.0005777
HND,0.0083221,0.010744,0.016784,0.010212,0.010846,0.01065,0.010612,0.011978,0.011265,0.010819,0.010008,0.0083182,0.0094443,0.0076012,0.0095234,0.0085123,0.0077138,0.0096695,0.0075204,0.010137,0.0092043,0.0082504
DMA,0.00013201,0.00031964,0.0002148,0.00033905,0.00022173,0.00016612,0.00017367,0.00020156,0.00028276,0.00014873,0.00013795,0.00014525,0.00010232,0.00013028,0.00013603,0.000035954,0.000053258,0.00025128,0.00024887,0.00027363,0.00026075,0.00025487
BFA,0.05263,0.073081,0.065979,0.075055,0.054325,0.041719,0.037578,0.053181,0.069953,0.056757,0.056328,0.057515,0.048994,0.030845,0.048627,0.012913,0.04674,0.050111,0.054129,0.062072,0.067667,0.069785
NIC,0.0085118,0.010966,0.015698,0.01079,0.011014,0.011552,0.011331,0.011766,0.012224,0.010977,0.01088,0.0090123,0.0098886,0.008291,0.010672,0.0089625,0.008681,0.010721,0.0082731,0.01094,0.0098819,0.0090953
FRA,0.00026068,0.00063474,0.00041215,0.00066961,0.00042866,0.0003035,0.00032693,0.00038449,0.00054927,0.00027419,0.00025586,0.00027769,0.00018868,0.00026122,0.00025965,0.000054511,0.000090451,0.00049304,0.00048799,0.00053711,0.0005163,0.00050658
ETH,0.10652,0.13701,0.13694,0.12639,0.12642,0.12208,0.11882,0.13063,0.14326,0.10326,0.13437,0.11502,0.13529,0.089855,0.16399,0.091931,0.11837,0.19559,0.12406,0.15538,0.15452,0.14895
SLV,0.0041978,0.0052691,0.0065592,0.0054555,0.0057425,0.0053539,0.0059442,0.0057644,0.0059181,0.005449,0.0054216,0.0046831,0.0047949,0.004879,0.0051992,0.0046473,0.0044707,0.0051602,0.0045232,0.0058275,0.0051807,0.0048105
LCA,0.00013555,0.00033006,0.00021432,0.0003482,0.0002229,0.00015782,0.00017,0.00019994,0.00028562,0.00014258,0.00013305,0.0001444,0.000098112,0.00013584,0.00013502,0.000028346,0.000047034,0.00025638,0.00025375,0.0002793,0.00026848,0.00026342
GMB,0.002093,0.0025154,0.0022929,0.0026767,0.0023273,0.0014233,0.0015502,0.0032149,0.0026762,0.0021621,0.0020163,0.0023775,0.002023,0.0016942,0.0019725,0.0010143,0.0018426,0.0020274,0.001953,0.0023505,0.0024436,0.0025957
NGA,0.1593,0.20507,0.17653,0.24191,0.2064,0.15895,0.14247,0.18103,0.2099,0.17162,0.19321,0.16618,0.17732,0.13396,0.17113,0.089529,0.14982,0.20931,0.18866,0.22817,0.2263,0.22609
VCT,0.00018387,0.00041256,0.00027206,0.00043513,0.00028295,0.00020141,0.00021857,0.00025536,0.00035508,0.00018295,0.00017255,0.00019309,0.00013698,0.00018748,0.00018209,0.00005133,0.000073827,0.00032791,0.00032607,0.00035522,0.00034484,0.00033893
BRB,0.00025798,0.00056487,0.0003743,0.00059574,0.00038928,0.00027755,0.00030189,0.00035198,0.00048535,0.00025253,0.00023894,0.0002698,0.00019373,0.00026431,0.00025505,0.000077131,0.00010756,0.00045219,0.00045028,0.000489,0.00047615,0.00046823
CMR,0.077963,0.095272,0.095994,0.11066,0.10326,0.084985,0.076358,0.093031,0.09964,0.08139,0.092101,0.075692,0.090705,0.065869,0.090587,0.054078,0.070828,0.11406,0.084995,0.10415,0.097611,0.10698
DJI,0.0010919,0.0016185,0.0017206,0.0015899,0.0012638,0.0012297,0.0013655,0.0015806,0.0017669,0.0013039,0.0016728,0.0012976,0.0016815,0.0011841,0.0019902,0.00097212,0.0012511,0.0019404,0.0012777,0.0017007,0.0016796,0.001584
GNB,0.0065934,0.0081686,0.0067815,0.0074828,0.0068062,0.0055566,0.0057438,0.0058279,0.0080247,0.0061422,0.0065516,0.0063109,0.0056627,0.0048396,0.0055079,0.0038149,0.0052466,0.0060592,0.0063759,0.0067187,0.0070528,0.0078803
GIN,0.035183,0.044945,0.042071,0.043315,0.038402,0.029435,0.0333,0.034175,0.046465,0.036199,0.039835,0.037227,0.034026,0.027687,0.03242,0.019943,0.031349,0.038351,0.04038,0.043269,0.048889,0.051426
COL,0.081017,0.10777,0.12736,0.10618,0.10354,0.12683,0.11509,0.11497,0.12031,0.10604,0.11113,0.088185,0.1066,0.087927,0.11068,0.095174,0.10466,0.12957,0.083527,0.10725,0.098462,0.10341
NLD,0.000047493,0.000049625,0.000049261,0.000053203,0.000055533,0.000045301,0.000046968,0.000058938,0.000052418,0.000059799,0.000044918,0.000038406,0.000040137,0.000053843,0.000036956,0.000054812,0.00004451,0.000043347,0.000048537,0.00005312,0.000069952,0.000061097
BEN,0.020888,0.027189,0.022282,0.028387,0.026098,0.01883,0.018157,0.020827,0.027707,0.020996,0.023463,0.021359,0.020887,0.015835,0.019562,0.0096246,0.018905,0.024507,0.023083,0.026444,0.027084,0.029215
GRD,0.00023713,0.00051409,0.00034133,0.00054217,0.00035499,0.00025327,0.00027574,0.00032122,0.00044141,0.00023059,0.00021848,0.00024758,0.00017864,0.00024342,0.00023428,0.00007277,0.00010033,0.00041275,0.00041124,0.00044604,0.00043485,0.00042771
VEN,0.085565,0.11308,0.13366,0.11061,0.10544,0.13139,0.11084,0.12065,0.12083,0.11076,0.12333,0.09002,0.1136,0.098309,0.11474,0.10321,0.11133,0.13191,0.094235,0.11664,0.10235,0.11216
SOM,0.029497,0.04732,0.040808,0.037693,0.046729,0.044452,0.045352,0.038549,0.041343,0.031585,0.044901,0.034907,0.041797,0.033673,0.055731,0.039475,0.036956,0.059028,0.040935,0.051609,0.043111,0.043301
TTO,0.000515,0.0009134,0.00065951,0.00095228,0.00067509,0.0005196,0.00055568,0.00062515,0.00078594,0.00047979,0.00046567,0.00050744,0.00041222,0.00049934,0.00047846,0.00024167,0.00028502,0.00072784,0.00072183,0.00077133,0.00075689,0.00074648
CRI,0.0042044,0.0048417,0.0048995,0.0042988,0.0040625,0.0041921,0.0042108,0.0039486,0.0043653,0.0039897,0.0040695,0.0040701,0.0036331,0.0040627,0.0040368,0.0039152,0.0040564,0.0042683,0.0040741,0.0042026,0.004303,0.0041447
GHA,0.031412,0.041819,0.03512,0.0404,0.035518,0.027716,0.026693,0.032192,0.043093,0.033273,0.036121,0.033746,0.031509,0.025426,0.031098,0.017707,0.027884,0.039328,0.039403,0.04467,0.046857,0.04767
TGO,0.010423,0.013908,0.011588,0.013745,0.011815,0.0092882,0.0088631,0.010442,0.014138,0.010705,0.011632,0.010947,0.010047,0.0077352,0.0095188,0.0050752,0.0087277,0.011903,0.011701,0.013266,0.013395,0.0143
CAF,0.11702,0.13712,0.14731,0.15095,0.15162,0.12386,0.11501,0.13198,0.13649,0.11835,0.13073,0.11749,0.13894,0.098832,0.13676,0.096579,0.10824,0.16099,0.1228,0.14263,0.14278,0.14388
CIV,0.037804,0.052399,0.043412,0.048563,0.042526,0.030638,0.032097,0.036654,0.050173,0.038698,0.041593,0.038481,0.034909,0.027599,0.035396,0.018846,0.029641,0.0434,0.04439,0.051194,0.059115,0.057566
SLE,0.010305,0.012595,0.016125,0.01322,0.011196,0.008614,0.010006,0.010035,0.013029,0.0099859,0.01172,0.011566,0.010863,0.010122,0.010481,0.0056967,0.011041,0.013599,0.013506,0.014803,0.016401,0.016433
LKA,0.0081281,0.0082217,0.0086498,0.009468,0.0095538,0.009942,0.0096929,0.010258,0.0094029,0.0095637,0.009559,0.009205,0.0096966,0.0092101,0.0098899,0.0099533,0.010242,0.010843,0.009599,0.010433,0.010283,0.010643
PAN,0.012391,0.016119,0.015177,0.013249,0.014008,0.014258,0.01524,0.014315,0.016339,0.015461,0.01497,0.014134,0.014535,0.013352,0.013148,0.012494,0.014549,0.015971,0.012637,0.014568,0.013072,0.013557
GUY,0.0086134,0.010172,0.012615,0.010935,0.0093738,0.012642,0.010666,0.012718,0.013493,0.01194,0.014245,0.0095812,0.015583,0.011968,0.017237,0.013777,0.013743,0.021294,0.013628,0.017333,0.016539,0.017798
LBR,0.011766,0.015012,0.013847,0.015355,0.01197,0.008804,0.010249,0.010149,0.013286,0.011149,0.011668,0.010827,0.010216,0.0095713,0.011051,0.0059903,0.0094561,0.012639,0.011952,0.013839,0.016308,0.01564
MYS,0.019895,0.027055,0.03058,0.01082,0.016894,0.02645,0.022162,0.023202,0.025041,0.019352,0.023094,0.019753,0.022046,0.020628,0.035336,0.029653,0.02709,0.039688,0.027082,0.038574,0.035113,0.031493
SUR,0.0072557,0.0082881,0.010186,0.0090674,0.0076588,0.0096819,0.008448,0.0098544,0.0099398,0.008554,0.010501,0.007518,0.011104,0.0084663,0.01211,0.0092774,0.0094606,0.015143,0.0094735,0.012432,0.011905,0.012604
IDN,0.48023,0.50595,0.21496,0.1917,0.19146,0.22908,0.26396,0.21107,0.23512,0.19674,0.29836,0.18372,0.18992,0.25253,0.2084,0.23707,0.23735,0.26367,0.32699,0.34848,0.22405,0.22594
FRA,0.0023037,0.0026771,0.0031138,0.0031018,0.0023839,0.0028986,0.0025945,0.0030361,0.0030137,0.0023854,0.0030206,0.0015207,0.0032964,0.0023225,0.0034611,0.0022548,0.0025876,0.00497,0.002463,0.00356,0.003189,0.0035355
COD,0.29254,0.30356,0.33753,0.30045,0.3072,0.30857,0.27171,0.30599,0.30046,0.27375,0.3126,0.25734,0.31412,0.24933,0.34837,0.25079,0.27028,0.38929,0.26454,0.31612,0.30733,0.32294
BRA,0.73345,0.81033,0.81109,0.76659,0.67993,0.82324,0.77042,0.81373,0.86696,0.79743,0.89246,0.69248,0.90527,0.70495,1.0853,0.89513,0.90434,1.2277,0.75537,0.89043,0.85763,0.9857
BRN,0.00040594,0.0005356,0.00093225,0.00025003,0.00033133,0.00043603,0.00041668,0.00047447,0.0004845,0.00047868,0.00046287,0.00035439,0.00038372,0.00039878,0.00066576,0.00044154,0.00041498,0.00054888,0.00042844,0.00058813,0.00062906,0.00045414
KEN,0.059396,0.092885,0.089407,0.067905,0.082765,0.094764,0.079471,0.071009,0.068197,0.062289,0.092212,0.070808,0.081865,0.068565,0.1004,0.080159,0.077016,0.11101,0.083321,0.10369,0.095973,0.10281
UGA,0.032931,0.036674,0.038349,0.032075,0.032269,0.035546,0.033134,0.039654,0.034209,0.027753,0.03653,0.033306,0.036504,0.024969,0.045731,0.025931,0.03571,0.05437,0.03098,0.040376,0.043715,0.04242
GNQ,0.0040829,0.0043289,0.0048112,0.0046732,0.0045172,0.0043818,0.0041302,0.0048166,0.0049261,0.0042906,0.0052196,0.00407,0.0053078,0.0041285,0.0054165,0.0042906,0.0041157,0.0061871,0.0046334,0.0057642,0.0050552,0.0052971
COG,0.023479,0.024588,0.027724,0.028003,0.027144,0.027912,0.024812,0.027042,0.027479,0.023422,0.028653,0.023914,0.027856,0.022137,0.031979,0.023268,0.025069,0.038606,0.02529,0.030835,0.028436,0.029385
GAB,0.017872,0.018913,0.02075,0.020425,0.019341,0.021015,0.018449,0.020522,0.021571,0.017834,0.022248,0.019129,0.021664,0.01713,0.023919,0.017552,0.018964,0.028097,0.018942,0.024145,0.022517,0.022937
STP,0.0018089,0.0017667,0.0019266,0.0018232,0.0018906,0.0018999,0.0019035,0.0018671,0.0018847,0.0020357,0.0019727,0.0019402,0.0020403,0.0018736,0.0019411,0.0019598,0.0016456,0.0018473,0.0018176,0.0020252,0.0018224,0.001755
ECU,0.020078,0.026045,0.026667,0.021888,0.022016,0.024379,0.022478,0.023309,0.022558,0.021731,0.02515,0.019724,0.024429,0.021951,0.026106,0.023497,0.0235,0.026194,0.021473,0.026287,0.025227,0.024311
SGP,0.000018532,0.000019255,0.000020139,0.00001607,0.000017851,0.000021099,0.000018243,0.000019672,0.000019907,0.000019254,0.000021075,0.000018074,0.000020583,0.00001829,0.0000243,0.000021236,0.000020649,0.000025124,0.000018753,0.000021457,0.000020453,0.000020606
PER,0.054687,0.065953,0.064596,0.056524,0.053794,0.060474,0.052452,0.060844,0.063281,0.060374,0.068398,0.055248,0.069493,0.055021,0.077076,0.066337,0.065232,0.077853,0.054663,0.067341,0.06647,0.065955
TZA,0.10403,0.10818,0.12711,0.097453,0.091771,0.12594,0.1011,0.11354,0.10499,0.10943,0.11754,0.11758,0.11723,0.095901,0.14384,0.095648,0.12239,0.14768,0.1001,0.12001,0.12693,0.11166
RWA,0.0026163,0.0029989,0.0031862,0.0027713,0.0028079,0.0032564,0.0028934,0.0031693,0.0029092,0.0028785,0.0030118,0.0028765,0.0034161,0.0027364,0.0040337,0.0022995,0.0032596,0.0045588,0.0031406,0.0035014,0.0036018,0.0032738
PNG,0.021698,0.021327,0.014272,0.013463,0.014262,0.017973,0.014737,0.015881,0.017164,0.014703,0.015902,0.01244,0.015674,0.01128,0.018907,0.015067,0.01447,0.018626,0.014454,0.016797,0.012745,0.014924
BDI,0.0035582,0.0039228,0.0042261,0.0036599,0.0036294,0.0043751,0.003748,0.0042151,0.0038946,0.0042351,0.0040087,0.0038423,0.0044598,0.0038363,0.0052551,0.0033332,0.00442,0.0058113,0.0043883,0.0046528,0.004607,0.004215
AGO,0.15424,0.14217,0.13997,0.12964,0.13217,0.15033,0.13001,0.14712,0.14002,0.13438,0.15005,0.13013,0.15276,0.13515,0.16299,0.14456,0.14188,0.17817,0.12853,0.14657,0.14,0.1584
SLB,0.0034366,0.0033785,0.0031793,0.0026131,0.0025164,0.0039663,0.0025543,0.003099,0.0033799,0.003377,0.0035589,0.0025216,0.003513,0.0023896,0.0040557,0.0035061,0.0032839,0.0042845,0.0024473,0.0026709,0.0024238,0.0028957
ZMB,0.0892,0.083148,0.075986,0.06803,0.062901,0.081928,0.066226,0.077866,0.073963,0.070535,0.08198,0.066765,0.091122,0.06441,0.095474,0.078274,0.081754,0.11398,0.068735,0.085668,0.074185,0.084934
TLS,0.0012822,0.0012899,0.001088,0.00096849,0.00094228,0.0010562,0.0010314,0.0010229,0.0010892,0.0010223,0.001078,0.00091664,0.0010115,0.0010084,0.0010838,0.00098814,0.00098008,0.0010646,0.00097206,0.00098241,0.00099234,0.0009828
MWI,0.012913,0.011248,0.011989,0.010161,0.0089651,0.013352,0.010296,0.01355,0.011093,0.013036,0.012481,0.011641,0.014909,0.011658,0.017336,0.013162,0.01465,0.019804,0.012625,0.015016,0.014541,0.015153
BOL,0.091482,0.10495,0.091577,0.098048,0.079491,0.094747,0.10113,0.094141,0.12518,0.11088,0.10719,0.087413,0.1141,0.086452,0.14634,0.11609,0.10356,0.13347,0.083972,0.094569,0.084185,0.099611
AUS,0.21775,0.27949,0.22852,0.1286,0.11645,0.19089,0.17201,0.293,0.2529,0.2095,0.35094,0.20348,0.35306,0.22544,0.39851,0.337,0.23022,0.46401,0.23217,0.30694,0.23575,0.30215
MOZ,0.043862,0.036268,0.037627,0.034394,0.03126,0.045014,0.036421,0.04022,0.03772,0.038267,0.040298,0.032859,0.044811,0.039096,0.052316,0.043407,0.04272,0.059442,0.037251,0.045048,0.039243,0.046085
COM,0.0011105,0.0011152,0.0010857,0.0010634,0.0011035,0.0011806,0.0011274,0.0012439,0.0011751,0.0010563,0.0011772,0.0010395,0.0011947,0.0010644,0.0012648,0.0011768,0.0011697,0.0013322,0.0010728,0.0011764,0.0011206,0.0011555
MDG,0.022388,0.023395,0.021629,0.020886,0.021201,0.025214,0.020506,0.023535,0.021147,0.024881,0.025743,0.0223,0.022833,0.022475,0.028469,0.02633,0.02385,0.028011,0.022815,0.026567,0.027549,0.023648
FRA,0.00017349,0.0001763,0.00017181,0.00016661,0.00017517,0.0001888,0.00017521,0.00019359,0.00018624,0.00016817,0.00018706,0.00016443,0.00018808,0.00017144,0.00020007,0.00018929,0.00018516,0.00020985,0.00016754,0.00018566,0.00017536,0.00018265
WSM,0.00052343,0.00044271,0.00037174,0.00076418,0.00054592,0.00053088,0.00065303,0.00057022,0.00056181,0.00094652,0.0007033,0.00024842,0.00057978,0.00053265,0.00075395,0.00072041,0.00052653,0.0008556,0.00044195,0.00034352,0.00023156,0.00057632
VUT,0.0021461,0.002095,0.0019599,0.0015127,0.0015874,0.0025595,0.0015135,0.0018696,0.0020668,0.0021509,0.0022154,0.0013923,0.0022348,0.0013431,0.0025896,0.0022024,0.001979,0.0027795,0.0013599,0.0014681,0.0012901,0.0017547
USA,0.000067107,0.000056758,0.000047658,0.000097972,0.00006999,0.000068061,0.000083721,0.000073106,0.000072027,0.00012135,0.000090167,0.000031849,0.000074331,0.000068288,0.000096661,0.00009236,0.000067504,0.00010969,0.000056661,0.000044041,0.000029688,0.000073887
ZWE,0.068594,0.05093,0.041182,0.043218,0.038717,0.05096,0.04199,0.046306,0.044858,0.035512,0.055166,0.03258,0.056873,0.0414,0.054281,0.051627,0.047901,0.067861,0.041355,0.054955,0.041388,0.05993
FJI,0.0019687,0.001668,0.0014848,0.0020502,0.001676,0.0020955,0.0018844,0.0018709,0.0020009,0.002745,0.0022526,0.0010783,0.0020902,0.0015793,0.0026416,0.0024002,0.0018818,0.0028932,0.001434,0.0013091,0.001005,0.0018704
NAM,0.040143,0.033055,0.02401,0.025922,0.020088,0.021236,0.016672,0.023149,0.020779,0.019102,0.02663,0.011013,0.025453,0.016261,0.018277,0.023559,0.017682,0.036619,0.016682,0.022015,0.027827,0.025227
CHL,0.023895,0.026741,0.020453,0.020132,0.018641,0.025462,0.020933,0.024006,0.026942,0.021874,0.02981,0.019868,0.034976,0.022706,0.03733,0.034412,0.031766,0.044516,0.022881,0.026847,0.02187,0.027832
BWA,0.037468,0.027529,0.021141,0.021774,0.01824,0.025838,0.023538,0.035374,0.030545,0.025362,0.030164,0.022731,0.03622,0.017796,0.027365,0.025118,0.028391,0.042223,0.019127,0.027764,0.034174,0.029213
TON,0.0011705,0.00093623,0.00067921,0.0013277,0.00098142,0.0010086,0.00117,0.0011091,0.0011454,0.0017966,0.0014328,0.0004023,0.0011856,0.00094998,0.0015831,0.0015094,0.0010416,0.0018551,0.00080681,0.0007248,0.00040175,0.0011212
PRY,0.035042,0.042504,0.034065,0.03482,0.02637,0.039991,0.041186,0.038542,0.044083,0.043107,0.04556,0.037798,0.048442,0.033352,0.054447,0.05473,0.052278,0.064865,0.03838,0.04115,0.038677,0.049794
FRA,0.0014814,0.0015698,0.0011857,0.00085254,0.00096579,0.0015246,0.0010344,0.0011579,0.001348,0.001359,0.0013715,0.00091462,0.0013678,0.00083062,0.00167,0.0013791,0.0012221,0.0017725,0.00091513,0.00093685,0.00085685,0.0011977
MUS,0.00021817,0.00021782,0.00018992,0.00019348,0.00020309,0.00025162,0.00022789,0.00027029,0.00025081,0.00020737,0.00026082,0.0001957,0.00027647,0.00021541,0.00031361,0.00028503,0.00027737,0.00035465,0.00022602,0.00026726,0.00023838,0.00026474
FRA,0.00035408,0.00034621,0.00027538,0.00028195,0.00028605,0.0003781,0.00033147,0.00041071,0.00037829,0.00028453,0.0003979,0.00024993,0.00043108,0.00029372,0.00050399,0.00044246,0.00042162,0.00059454,0.00030792,0.00039806,0.00033241,0.00039771
ARG,0.12349,0.14865,0.10052,0.10062,0.090281,0.15157,0.11159,0.13548,0.13882,0.11377,0.14842,0.085822,0.17316,0.11529,0.21287,0.18919,0.17504,0.25804,0.11804,0.13971,0.11271,0.16133
ZAF,0.08599,0.076079,0.063316,0.073872,0.061787,0.069534,0.063637,0.076741,0.08519,0.075107,0.083144,0.063131,0.087879,0.062078,0.087231,0.082831,0.082523,0.1312,0.072598,0.089921,0.095727,0.098054
SWZ,0.0010371,0.0009552,0.00092769,0.00088808,0.0007724,0.0011881,0.00095965,0.00073336,0.00094091,0.00077381,0.0010021,0.00076695,0.0010645,0.00084084,0.0013646,0.001201,0.0011131,0.0020326,0.00092528,0.0011042,0.00066432,0.0014037
LSO,0.0014196,0.0014104,0.0010207,0.0010136,0.00091881,0.0013467,0.0010644,0.0012415,0.001447,0.0012068,0.0015413,0.00087407,0.0018509,0.0010257,0.0020658,0.0018977,0.0017485,0.0030208,0.0012271,0.0017555,0.0015572,0.0016523
URY,0.0045867,0.0055525,0.0025982,0.0033971,0.0024757,0.0039038,0.0027123,0.0035872,0.0053425,0.0045521,0.0055916,0.0026128,0.0074179,0.0031067,0.0075974,0.0072061,0.0061372,0.0097128,0.0031725,0.005532,0.0044537,0.0057752
NZL,0.0062224,0.0061832,0.005414,0.0049983,0.0050796,0.005963,0.0054268,0.0059238,0.00607,0.005702,0.0065503,0.0050627,0.0068334,0.0055134,0.0075496,0.0070769,0.0065781,0.008529,0.0056306,0.0062097,0.0057312,0.006676
GBR,0.00017017,0.00017002,0.00013493,0.00013129,0.00012207,0.00015673,0.00013834,0.00013852,0.00015468,0.00011101,0.00016112,0.00011674,0.00018687,0.0001425,0.00021231,0.00020112,0.00019022,0.00024718,0.00014752,0.00017209,0.00014971,0.00018335
DNK,0.0099233,0.0097785,0.0075206,0.010238,0.0080999,0.0086048,0.0097519,0.0098531,0.0045949,0.0088972,0.0084871,0.010526,0.0101,0.0099273,0.010261,0.007679,0.0077873,0.0099074,0.009147,0.00874,0.0092857,0.0099618
DNK,0.010016,0.0097893,0.0076658,0.01041,0.0079557,0.0083113,0.0096689,0.009787,0.0044274,0.0088219,0.007992,0.010558,0.010269,0.010061,0.010329,0.007782,0.0079423,0.01008,0.0093355,0.0089365,0.0093484,0.010249
FRA,0.118,0.11924,0.1306,0.1276,0.19373,0.32528,0.21102,0.20753,0.16989,0.16228,0.15161,0.1353,0.12712,0.1513,0.12923,0.13417,0.1475,0.20885,0.20766,0.18402,0.19588,0.22149
EU,0.65329,0.7061,0.86836,0.85034,0.94946,1.0993,0.95148,1.1397,0.8759,0.96721,0.98318,0.7936,0.73883,0.9397,0.84824,0.74806,0.86372,0.94452,0.806,0.96745,1.0296,1.1288
GBR,0.056575,0.048621,0.058352,0.04127,0.051373,0.055119,0.050005,0.045339,0.050361,0.060093,0.028102,0.051391,0.042795,0.039059,0.042374,0.039994,0.038174,0.048409,0.052971,0.05407,0.043616,0.063837
EUC,0.65354,0.70604,0.86865,0.85072,0.94868,1.0982,0.95106,1.1392,0.87495,0.96673,0.98177,0.79352,0.73926,0.94,0.84838,0.74825,0.86423,0.94512,0.80644,0.9679,1.0296,1.1296